country,1950,1951,1952,1953,1954,1955,1956,1957,1958,1959,1960,1961,1962,1963,1964,1965,1966,1967,1968,1969,1970,1971,1972,1973,1974,1975,1976,1977,1978,1979,1980,1981,1982,1983,1984,1985,1986,1987,1988,1989,1990,1991,1992,1993,1994,1995,1996,1997,1998,1999,2000,2001,2002,2003,2004,2005,2006,2007,2008,2009,2010,2011,2012,2013,2014,2015,2016,2017,2018,2019,2020,2021,2022,2023,2024,2025,2026,2027,2028,2029,2030,2031,2032,2033,2034,2035,2036,2037,2038,2039,2040,2041,2042,2043,2044,2045,2046,2047,2048,2049,2050,2051,2052,2053,2054,2055,2056,2057,2058,2059,2060,2061,2062,2063,2064,2065,2066,2067,2068,2069,2070,2071,2072,2073,2074,2075,2076,2077,2078,2079,2080,2081,2082,2083,2084,2085,2086,2087,2088,2089,2090,2091,2092,2093,2094,2095,2096,2097,2098,2099,2100
Afghanistan,4.9,,,,,4.76,,,,,4.56,,,,,4.38,,,,,4.19,,,,,4.05,,,,,3.89,,,,,3.65,,,,,3.62,,,,,3.74,,,,,3.65,,,,,3.62,,,,,3.86,,,,,4.01,,,,,4.28,,,,,4.62,,,,,5.07,,,,,5.7,,,,,6.56,,,,,7.63,,,,,8.83,,,,,10.3,,,,,12.3,,,,,14.7,,,,,17.1,,,,,19.1,,,,,21.1,,,,,22.9,,,,,24.5,,,,,26,,,,,27.4
Albania,7.83,,,,,7.22,,,,,7.08,,,,,6.73,,,,,6.73,,,,,6.87,,,,,6.89,,,,,6.99,,,,,8.25,,,,,9.55,,,,,10.6,,,,,12.3,,,,,15,,,,,17.8,,,,,21.1,,,,,24.4,,,,,26.6,,,,,28.5,,,,,30.2,,,,,32.4,,,,,34.1,,,,,36.4,,,,,39.6,,,,,41,,,,,40.9,,,,,41.4,,,,,41.9,,,,,42.4,,,,,42.8,,,,,42.9,,,,,42.7
Algeria,5.14,,,,,5.06,,,,,5.47,,,,,5.42,,,,,5.42,,,,,5.18,,,,,4.91,,,,,4.63,,,,,5.2,,,,,5.63,,,,,6.4,,,,,7.04,,,,,7.81,,,,,8.94,,,,,10.1,,,,,11.6,,,,,13.3,,,,,15.2,,,,,17.7,,,,,20.5,,,,,23,,,,,24.8,,,,,25.4,,,,,25.7,,,,,27,,,,,29.4,,,,,31.2,,,,,32.4,,,,,33.2,,,,,33.8,,,,,34.5
Angola,4.49,,,,,4.3,,,,,4.22,,,,,4.2,,,,,4.22,,,,,4.21,,,,,4.17,,,,,4.08,,,,,4.17,,,,,4.01,,,,,3.86,,,,,3.71,,,,,3.6,,,,,3.91,,,,,4.15,,,,,4.37,,,,,4.58,,,,,4.87,,,,,5.25,,,,,5.64,,,,,6.1,,,,,6.59,,,,,7.17,,,,,7.92,,,,,8.85,,,,,9.81,,,,,10.8,,,,,11.8,,,,,12.8,,,,,13.9,,,,,15
Antigua and Barbuda,4.99,,,,,4.68,,,,,5.46,,,,,5.55,,,,,5.64,,,,,6.49,,,,,6.83,,,,,7.26,,,,,10.7,,,,,10,,,,,8.62,,,,,9.31,,,,,8.92,,,,,10.1,,,,,12.2,,,,,15,,,,,19.1,,,,,21.6,,,,,22.5,,,,,23.8,,,,,24.9,,,,,26.2,,,,,27.7,,,,,28.9,,,,,30.1,,,,,31.1,,,,,32.1,,,,,33.1,,,,,33.9,,,,,34.5,,,,,35
Argentina,6.56,,,,,7.36,,,,,8.25,,,,,9.13,,,,,9.94,,,,,10.5,,,,,10.9,,,,,11.2,,,,,13,,,,,13.3,,,,,13.5,,,,,13.8,,,,,14.4,,,,,15.1,,,,,15.9,,,,,16.6,,,,,17.4,,,,,18.6,,,,,20.4,,,,,21.9,,,,,23.5,,,,,25,,,,,26.2,,,,,27.6,,,,,28.8,,,,,30,,,,,31.1,,,,,32.1,,,,,33.1,,,,,33.9,,,,,34.7
Armenia,11.1,,,,,9.08,,,,,7.46,,,,,7.05,,,,,7.16,,,,,7.28,,,,,6.66,,,,,6.92,,,,,10,,,,,12.6,,,,,15.2,,,,,14.4,,,,,14.8,,,,,15.8,,,,,18.8,,,,,21.3,,,,,22.5,,,,,23.4,,,,,25,,,,,27.8,,,,,31.6,,,,,34.2,,,,,34.9,,,,,35.2,,,,,36.4,,,,,38,,,,,38.9,,,,,39,,,,,38.8,,,,,38.5,,,,,38.6
Australia,11.3,,,,,11.3,,,,,11.1,,,,,10.9,,,,,10.7,,,,,11.4,,,,,12,,,,,12.8,,,,,15.4,,,,,15.8,,,,,16.5,,,,,17.4,,,,,18.9,,,,,20.4,,,,,21.9,,,,,23.5,,,,,24.6,,,,,25.8,,,,,26.4,,,,,27.4,,,,,28.3,,,,,29,,,,,29.4,,,,,29.7,,,,,30.4,,,,,31.2,,,,,32.1,,,,,32.8,,,,,33.5,,,,,34.2,,,,,34.9
Austria,14.3,,,,,15.2,,,,,16.4,,,,,17.4,,,,,17.9,,,,,17.9,,,,,16.3,,,,,16.6,,,,,20.1,,,,,19.7,,,,,20.5,,,,,22.1,,,,,23.3,,,,,24.3,,,,,26.5,,,,,29.5,,,,,32.4,,,,,34,,,,,34.9,,,,,36.2,,,,,37.3,,,,,38,,,,,37.8,,,,,37.5,,,,,37.2,,,,,37.1,,,,,37.3,,,,,37.5,,,,,37.7,,,,,37.9,,,,,38.2
Azerbaijan,9.1,,,,,7.77,,,,,7.25,,,,,6.91,,,,,6.68,,,,,6.65,,,,,5.95,,,,,5.86,,,,,7.93,,,,,8.61,,,,,9.28,,,,,8.52,,,,,8.11,,,,,9.27,,,,,11.7,,,,,14.8,,,,,17,,,,,18.5,,,,,19.8,,,,,22,,,,,24.7,,,,,26.9,,,,,27.5,,,,,27.4,,,,,27.6,,,,,29.3,,,,,30.6,,,,,31.2,,,,,31.5,,,,,32,,,,,32.6
Bahamas,6.08,,,,,5.69,,,,,5.16,,,,,4.78,,,,,4.97,,,,,5.33,,,,,5.56,,,,,5.56,,,,,6.52,,,,,7.06,,,,,8.15,,,,,9.43,,,,,10.5,,,,,12.6,,,,,15.2,,,,,18.1,,,,,20.3,,,,,22.5,,,,,23.9,,,,,25.8,,,,,27.7,,,,,29.7,,,,,31,,,,,31.3,,,,,32,,,,,32.9,,,,,33.6,,,,,34.2,,,,,34.7,,,,,35.1,,,,,35.4
Bahrain,4.34,,,,,4.27,,,,,4.45,,,,,2.56,,,,,3.86,,,,,3.51,,,,,3.49,,,,,3.67,,,,,3.71,,,,,3.86,,,,,3.84,,,,,3.44,,,,,3.55,,,,,4.13,,,,,5.36,,,,,7.16,,,,,9.21,,,,,11.6,,,,,14.3,,,,,15.9,,,,,17.4,,,,,19.6,,,,,23.1,,,,,26.7,,,,,29.7,,,,,32.7,,,,,35,,,,,36.2,,,,,36.7,,,,,37,,,,,37.1
Bangladesh,5.47,,,,,4.69,,,,,4.47,,,,,4.53,,,,,4.61,,,,,4.98,,,,,4.93,,,,,4.77,,,,,5.13,,,,,5.44,,,,,6.03,,,,,6.58,,,,,6.9,,,,,7.06,,,,,7.91,,,,,9.6,,,,,11.7,,,,,13.8,,,,,16.3,,,,,19.2,,,,,22,,,,,24.8,,,,,27.6,,,,,30.2,,,,,32.4,,,,,34.3,,,,,35.9,,,,,37.2,,,,,38.2,,,,,38.8,,,,,39.3
Barbados,7.61,,,,,8.15,,,,,8.99,,,,,10.1,,,,,10.9,,,,,12.4,,,,,12.4,,,,,11.4,,,,,13.5,,,,,13.9,,,,,15.1,,,,,15.5,,,,,17.3,,,,,19.8,,,,,22.9,,,,,25.8,,,,,27.7,,,,,29.4,,,,,30.1,,,,,30.8,,,,,31,,,,,31.2,,,,,31.4,,,,,31.8,,,,,32.2,,,,,32.7,,,,,33.2,,,,,33.6,,,,,34,,,,,34.4,,,,,34.8
Belarus,11.3,,,,,10.8,,,,,10.4,,,,,10.9,,,,,11.7,,,,,12.5,,,,,11.9,,,,,12.5,,,,,16.6,,,,,17.7,,,,,19.2,,,,,18.6,,,,,19.1,,,,,20.4,,,,,22.7,,,,,24.7,,,,,25.7,,,,,26.8,,,,,28,,,,,29.6,,,,,31.4,,,,,31.8,,,,,30.8,,,,,29.9,,,,,29.7,,,,,30.4,,,,,31,,,,,31.4,,,,,31.6,,,,,31.6,,,,,32
Belgium,14.5,,,,,14.9,,,,,15.6,,,,,16.4,,,,,17,,,,,17.1,,,,,15.8,,,,,16.5,,,,,20.6,,,,,21.4,,,,,22,,,,,22.1,,,,,23.2,,,,,24,,,,,25.5,,,,,27.5,,,,,29.2,,,,,30.4,,,,,31.3,,,,,32,,,,,32.4,,,,,32.8,,,,,32.7,,,,,32.7,,,,,33,,,,,33.4,,,,,33.9,,,,,34.3,,,,,34.7,,,,,35,,,,,35.5
Belize,5.61,,,,,5.76,,,,,5.98,,,,,5.9,,,,,5.94,,,,,6.17,,,,,5.48,,,,,5.09,,,,,6.06,,,,,6.24,,,,,5.56,,,,,4.71,,,,,5.69,,,,,5.94,,,,,6.64,,,,,7.75,,,,,8.98,,,,,10.4,,,,,11.7,,,,,13.3,,,,,15.1,,,,,17.2,,,,,19.4,,,,,21.4,,,,,22.8,,,,,24.1,,,,,25.5,,,,,26.9,,,,,28.1,,,,,29.2,,,,,30.1
Benin,10.3,,,,,8.37,,,,,7.59,,,,,7.1,,,,,6.92,,,,,6.54,,,,,6.04,,,,,5.48,,,,,5.53,,,,,5.19,,,,,4.98,,,,,4.97,,,,,4.92,,,,,4.95,,,,,5.08,,,,,5.32,,,,,5.64,,,,,5.99,,,,,6.4,,,,,6.87,,,,,7.44,,,,,8.11,,,,,8.86,,,,,9.65,,,,,10.5,,,,,11.4,,,,,12.3,,,,,13.2,,,,,14.1,,,,,15,,,,,16
Bhutan,4.13,,,,,3.97,,,,,3.87,,,,,3.81,,,,,3.77,,,,,3.8,,,,,3.89,,,,,4.09,,,,,4.63,,,,,5.09,,,,,5.45,,,,,5.7,,,,,6.21,,,,,6.85,,,,,8.02,,,,,9.29,,,,,11.3,,,,,13.3,,,,,16.2,,,,,19.9,,,,,23.7,,,,,26.8,,,,,29.2,,,,,31,,,,,32.6,,,,,33.8,,,,,35,,,,,35.8,,,,,36.4,,,,,36.8,,,,,37
Bolivia,7.85,,,,,7.1,,,,,6.4,,,,,5.94,,,,,5.68,,,,,5.57,,,,,5.52,,,,,5.74,,,,,6.68,,,,,6.97,,,,,7.2,,,,,7.77,,,,,8.35,,,,,9.22,,,,,9.92,,,,,10.6,,,,,11.4,,,,,12.4,,,,,13.8,,,,,15.3,,,,,17,,,,,18.7,,,,,20.6,,,,,22.3,,,,,23.9,,,,,25.4,,,,,26.8,,,,,28.2,,,,,29.5,,,,,30.7,,,,,31.8
Bosnia and Herzegovina,5.56,,,,,5.04,,,,,5.61,,,,,6.42,,,,,7.12,,,,,7.37,,,,,6.99,,,,,7.5,,,,,11,,,,,14.4,,,,,16.8,,,,,17.4,,,,,19.2,,,,,22.4,,,,,24.9,,,,,27.7,,,,,29.3,,,,,31.1,,,,,32.7,,,,,34.4,,,,,36.1,,,,,37.6,,,,,39.2,,,,,39.2,,,,,39.2,,,,,38.9,,,,,38.7,,,,,38.7,,,,,38.7,,,,,38.7,,,,,38.6
Botswana,6.57,,,,,6.09,,,,,5.33,,,,,4.9,,,,,4.26,,,,,3.73,,,,,3.59,,,,,3.72,,,,,4.09,,,,,4.35,,,,,4.7,,,,,5.04,,,,,5.35,,,,,6.08,,,,,6.83,,,,,7.6,,,,,8.55,,,,,9.93,,,,,12,,,,,14.6,,,,,16.9,,,,,18.8,,,,,20.3,,,,,21.5,,,,,22.7,,,,,24.3,,,,,25.8,,,,,27.1,,,,,28.2,,,,,29.1,,,,,29.9
Brazil,4.58,,,,,4.67,,,,,4.88,,,,,4.92,,,,,5.1,,,,,5.31,,,,,5.37,,,,,5.55,,,,,6.42,,,,,6.86,,,,,7.73,,,,,8.68,,,,,10,,,,,11.9,,,,,14,,,,,16.4,,,,,18.8,,,,,21.2,,,,,24,,,,,27,,,,,29.6,,,,,31.9,,,,,34.1,,,,,35.7,,,,,36.8,,,,,37.7,,,,,38.4,,,,,38.8,,,,,39.1,,,,,39.3,,,,,39.4
Brunei,6.85,,,,,6.47,,,,,5.75,,,,,5.37,,,,,5.17,,,,,5.13,,,,,3.84,,,,,3.97,,,,,4.01,,,,,4.2,,,,,3.88,,,,,4.82,,,,,5.38,,,,,7.09,,,,,9.58,,,,,12.5,,,,,15.8,,,,,19.3,,,,,22.7,,,,,26,,,,,28.7,,,,,30.5,,,,,32.1,,,,,33.2,,,,,33.7,,,,,34.5,,,,,35.3,,,,,36,,,,,36.5,,,,,36.9,,,,,37.2
Bulgaria,9.48,,,,,9.63,,,,,10.3,,,,,11.7,,,,,13.3,,,,,14.6,,,,,14.1,,,,,15.6,,,,,19.3,,,,,21.3,,,,,22.1,,,,,23.1,,,,,25.3,,,,,27.1,,,,,28.3,,,,,29.2,,,,,30.2,,,,,31.9,,,,,33.8,,,,,35,,,,,36.4,,,,,36.6,,,,,35.2,,,,,34.2,,,,,34.2,,,,,34.1,,,,,34.3,,,,,34.6,,,,,34.8,,,,,34.8,,,,,35.1
Burkina Faso,3.66,,,,,4,,,,,4.23,,,,,4.55,,,,,4.82,,,,,5.05,,,,,5.14,,,,,5.11,,,,,5.09,,,,,4.69,,,,,4.32,,,,,4.08,,,,,3.9,,,,,3.84,,,,,3.93,,,,,4.13,,,,,4.44,,,,,4.81,,,,,5.31,,,,,5.89,,,,,6.49,,,,,7.14,,,,,7.92,,,,,8.84,,,,,9.94,,,,,11.1,,,,,12.3,,,,,13.5,,,,,14.7,,,,,16,,,,,17.4
Burundi,4.94,,,,,4.66,,,,,4.65,,,,,4.69,,,,,4.66,,,,,4.92,,,,,4.78,,,,,4.61,,,,,4.78,,,,,4.59,,,,,4.51,,,,,4.21,,,,,4.01,,,,,4.22,,,,,4.59,,,,,4.81,,,,,4.94,,,,,4.89,,,,,5.12,,,,,5.68,,,,,6.48,,,,,7.24,,,,,7.77,,,,,8.31,,,,,9.13,,,,,10.2,,,,,11.3,,,,,12.4,,,,,13.4,,,,,14.5,,,,,15.6
Cambodia,4.32,,,,,4.09,,,,,4,,,,,4.01,,,,,4.06,,,,,4.15,,,,,4.45,,,,,4.52,,,,,4.79,,,,,4.92,,,,,4.92,,,,,5.32,,,,,5.88,,,,,6.76,,,,,7.56,,,,,8.97,,,,,10.2,,,,,11.3,,,,,11.3,,,,,15.3,,,,,16.9,,,,,19.6,,,,,21.5,,,,,22.7,,,,,24.2,,,,,25.9,,,,,27.5,,,,,28.9,,,,,30.1,,,,,31.3,,,,,32.4
Cameroon,5.49,,,,,5.52,,,,,5.58,,,,,5.6,,,,,5.58,,,,,5.52,,,,,5.42,,,,,5.26,,,,,5.51,,,,,5.34,,,,,5.18,,,,,5.01,,,,,4.86,,,,,4.78,,,,,4.76,,,,,4.87,,,,,5.13,,,,,5.55,,,,,6.17,,,,,7.02,,,,,7.98,,,,,8.91,,,,,9.83,,,,,10.9,,,,,12.2,,,,,13.5,,,,,14.8,,,,,16,,,,,17.3,,,,,18.5,,,,,19.7
Canada,10.2,,,,,9.95,,,,,9.59,,,,,9.57,,,,,9.96,,,,,10.7,,,,,11.5,,,,,12.6,,,,,15.5,,,,,16.1,,,,,16.7,,,,,17.9,,,,,20,,,,,22.4,,,,,25.2,,,,,27.8,,,,,29.2,,,,,30,,,,,30.7,,,,,31.5,,,,,32,,,,,32.7,,,,,33,,,,,33,,,,,33.5,,,,,34,,,,,34.5,,,,,34.9,,,,,35.3,,,,,35.6,,,,,36.1
Cape Verde,9.37,,,,,7.02,,,,,6.7,,,,,6.08,,,,,6.46,,,,,6.88,,,,,6.35,,,,,5.68,,,,,6.78,,,,,6.92,,,,,7.36,,,,,7.21,,,,,6.66,,,,,6.73,,,,,7.34,,,,,8.83,,,,,10.2,,,,,11.4,,,,,12.9,,,,,15.3,,,,,18.2,,,,,21.3,,,,,24,,,,,26.2,,,,,28,,,,,29.6,,,,,31.1,,,,,32.5,,,,,33.6,,,,,34.6,,,,,35.3
Central African Republic,7.48,,,,,6.85,,,,,6.58,,,,,6.33,,,,,6.18,,,,,6.14,,,,,5.98,,,,,5.83,,,,,6.25,,,,,6.08,,,,,5.89,,,,,5.68,,,,,5.46,,,,,5.48,,,,,5.45,,,,,5.36,,,,,5.34,,,,,5.48,,,,,5.82,,,,,6.34,,,,,7.01,,,,,7.95,,,,,9.36,,,,,11.1,,,,,12.7,,,,,14.3,,,,,15.6,,,,,17.1,,,,,18.7,,,,,20.4,,,,,21.9
Chad,6.57,,,,,6.08,,,,,5.92,,,,,5.76,,,,,5.62,,,,,5.45,,,,,5.22,,,,,4.98,,,,,5.05,,,,,4.74,,,,,4.45,,,,,4.19,,,,,3.96,,,,,3.97,,,,,3.97,,,,,3.97,,,,,4.01,,,,,4.2,,,,,4.52,,,,,4.98,,,,,5.57,,,,,6.31,,,,,7.18,,,,,8.16,,,,,9.22,,,,,10.3,,,,,11.5,,,,,12.7,,,,,13.9,,,,,15.1,,,,,16.3
Chile,6.37,,,,,6.7,,,,,6.87,,,,,6.97,,,,,7.06,,,,,7.12,,,,,7.31,,,,,7.57,,,,,9.13,,,,,9.76,,,,,10.5,,,,,11.8,,,,,13.2,,,,,15.2,,,,,17.4,,,,,19.9,,,,,22.4,,,,,24.6,,,,,26.4,,,,,28.3,,,,,30.6,,,,,32.5,,,,,34,,,,,35.1,,,,,36,,,,,36.8,,,,,37.4,,,,,37.8,,,,,38.2,,,,,38.5,,,,,38.8
China,7.14,,,,,6.6,,,,,6.02,,,,,5.74,,,,,5.95,,,,,6.39,,,,,7.11,,,,,7.55,,,,,8.52,,,,,9.31,,,,,10.2,,,,,11,,,,,12.6,,,,,15.4,,,,,17.6,,,,,20.8,,,,,25.1,,,,,28.5,,,,,30.1,,,,,31.8,,,,,35.1,,,,,36.4,,,,,36.3,,,,,36.1,,,,,36.3,,,,,37,,,,,37.4,,,,,37.5,,,,,37.5,,,,,37.5,,,,,37.7
Colombia,4.9,,,,,4.7,,,,,4.74,,,,,4.8,,,,,4.9,,,,,5.05,,,,,5.11,,,,,5.3,,,,,6.13,,,,,6.44,,,,,6.92,,,,,7.65,,,,,8.97,,,,,10.8,,,,,13,,,,,15.6,,,,,18.2,,,,,20.3,,,,,22.6,,,,,25.1,,,,,27.5,,,,,29.7,,,,,31.4,,,,,33.1,,,,,34.5,,,,,35.5,,,,,36.3,,,,,36.8,,,,,37.2,,,,,37.4,,,,,37.7
Comoros,5.59,,,,,5.14,,,,,4.83,,,,,4.72,,,,,4.84,,,,,4.96,,,,,4.96,,,,,4.81,,,,,4.94,,,,,4.81,,,,,4.73,,,,,4.62,,,,,4.5,,,,,4.71,,,,,5.12,,,,,5.59,,,,,6.07,,,,,6.59,,,,,7.23,,,,,8.11,,,,,9.07,,,,,9.96,,,,,10.8,,,,,11.7,,,,,12.7,,,,,13.8,,,,,14.9,,,,,16,,,,,17,,,,,18,,,,,19
"Congo, Dem. Rep.",4.88,,,,,4.53,,,,,4.41,,,,,4.38,,,,,4.38,,,,,4.4,,,,,4.43,,,,,4.44,,,,,4.75,,,,,4.75,,,,,4.73,,,,,4.73,,,,,4.72,,,,,4.66,,,,,4.68,,,,,4.78,,,,,4.96,,,,,5.2,,,,,5.51,,,,,5.91,,,,,6.42,,,,,7.04,,,,,7.79,,,,,8.77,,,,,9.99,,,,,11.4,,,,,12.9,,,,,14.5,,,,,16.1,,,,,17.8,,,,,19.5
"Congo, Rep.",5.28,,,,,5.34,,,,,5.54,,,,,5.63,,,,,5.62,,,,,5.52,,,,,5.4,,,,,5.3,,,,,5.71,,,,,5.6,,,,,5.4,,,,,5.18,,,,,5.02,,,,,5.09,,,,,5.31,,,,,5.7,,,,,6.25,,,,,6.93,,,,,7.66,,,,,8.27,,,,,8.68,,,,,9.04,,,,,9.63,,,,,10.5,,,,,11.7,,,,,12.9,,,,,14.1,,,,,15.1,,,,,16.3,,,,,17.5,,,,,18.7
Costa Rica,4.54,,,,,4.52,,,,,4.51,,,,,4.63,,,,,4.92,,,,,5.34,,,,,5.57,,,,,5.85,,,,,7.07,,,,,7.62,,,,,8.34,,,,,9.45,,,,,11.1,,,,,12.8,,,,,15.2,,,,,18,,,,,20.6,,,,,22.6,,,,,25,,,,,27.7,,,,,30.5,,,,,32.9,,,,,35,,,,,36.3,,,,,37.5,,,,,38.4,,,,,39.1,,,,,39.5,,,,,39.7,,,,,39.9,,,,,40
Cote d'Ivoire,3.84,,,,,3.92,,,,,3.97,,,,,3.96,,,,,3.92,,,,,3.89,,,,,3.89,,,,,3.97,,,,,4.4,,,,,4.56,,,,,4.58,,,,,4.6,,,,,4.66,,,,,4.74,,,,,4.82,,,,,4.9,,,,,4.99,,,,,5.19,,,,,5.51,,,,,5.87,,,,,6.32,,,,,6.9,,,,,7.61,,,,,8.27,,,,,8.91,,,,,9.63,,,,,10.4,,,,,11.3,,,,,12.1,,,,,13,,,,,13.8
Croatia,10.2,,,,,9.45,,,,,10.3,,,,,11.8,,,,,13.6,,,,,14.4,,,,,13.4,,,,,13.8,,,,,17.4,,,,,20.1,,,,,21.8,,,,,21.9,,,,,23.8,,,,,25.8,,,,,28,,,,,30,,,,,31.2,,,,,32.7,,,,,34.3,,,,,35.8,,,,,37.1,,,,,37.6,,,,,38.3,,,,,38.2,,,,,38.7,,,,,39.1,,,,,39.1,,,,,39,,,,,38.9,,,,,38.8,,,,,38.9
Cuba,6.33,,,,,6.29,,,,,6.72,,,,,7.54,,,,,8.31,,,,,9.07,,,,,9.68,,,,,10,,,,,12.1,,,,,12.7,,,,,13.8,,,,,15.2,,,,,17,,,,,19.4,,,,,21.6,,,,,26.4,,,,,30.9,,,,,34.7,,,,,35.7,,,,,36.5,,,,,38.2,,,,,39,,,,,39.2,,,,,38.9,,,,,38.4,,,,,38.6,,,,,39,,,,,39.3,,,,,39.4,,,,,39.5,,,,,39.7
Cyprus,8.48,,,,,9.12,,,,,8.83,,,,,9.3,,,,,12.3,,,,,11.8,,,,,11.4,,,,,11.6,,,,,13.6,,,,,13.9,,,,,14.1,,,,,14.9,,,,,16.1,,,,,17.7,,,,,19.8,,,,,22,,,,,24.1,,,,,26,,,,,28.3,,,,,30.6,,,,,32.7,,,,,34.5,,,,,36.1,,,,,37.3,,,,,38.1,,,,,38.6,,,,,38.9,,,,,38.9,,,,,38.8,,,,,38.8,,,,,38.9
Czech Republic,11.5,,,,,11.9,,,,,13.3,,,,,15.1,,,,,16.7,,,,,17.3,,,,,14.8,,,,,15.4,,,,,17.9,,,,,18,,,,,18.2,,,,,19.8,,,,,22.4,,,,,24.9,,,,,26.3,,,,,27.5,,,,,28.7,,,,,31.4,,,,,34.4,,,,,35.7,,,,,36.7,,,,,37,,,,,35.9,,,,,35,,,,,34.9,,,,,34.9,,,,,35,,,,,35.1,,,,,35.2,,,,,35.2,,,,,35.5
Denmark,12.1,,,,,12.9,,,,,13.9,,,,,14.7,,,,,15.6,,,,,16.3,,,,,16.7,,,,,17.1,,,,,20.4,,,,,19.8,,,,,19.8,,,,,21.2,,,,,23.3,,,,,24.8,,,,,26.2,,,,,27.8,,,,,29.4,,,,,30.1,,,,,30.3,,,,,29.8,,,,,30,,,,,31,,,,,31.6,,,,,32,,,,,32.5,,,,,32.7,,,,,33,,,,,33.5,,,,,34.1,,,,,34.6,,,,,35.1
Djibouti,3.32,,,,,3.59,,,,,3.76,,,,,3.8,,,,,3.82,,,,,3.84,,,,,3.66,,,,,3.85,,,,,4.19,,,,,4.48,,,,,4.77,,,,,5.21,,,,,5.77,,,,,6.17,,,,,6.93,,,,,8,,,,,9.07,,,,,10.2,,,,,11.8,,,,,13.3,,,,,15.6,,,,,17.5,,,,,19.2,,,,,20.7,,,,,21.7,,,,,22.7,,,,,23.6,,,,,24.5,,,,,25.5,,,,,26.3,,,,,26.9
Dominican Republic,4.12,,,,,3.97,,,,,3.89,,,,,3.9,,,,,4,,,,,4.22,,,,,4.55,,,,,4.98,,,,,6.07,,,,,6.82,,,,,7.51,,,,,7.99,,,,,8.68,,,,,9.71,,,,,11.1,,,,,12.7,,,,,14.3,,,,,15.9,,,,,17.5,,,,,19.3,,,,,21.2,,,,,23.2,,,,,24.9,,,,,26.8,,,,,28.7,,,,,30.6,,,,,32.2,,,,,33.7,,,,,35,,,,,36,,,,,36.9
Ecuador,7.54,,,,,6.97,,,,,6.45,,,,,6.08,,,,,5.73,,,,,5.57,,,,,5.42,,,,,5.4,,,,,6.26,,,,,6.65,,,,,7.23,,,,,8,,,,,8.69,,,,,9.93,,,,,11.3,,,,,12.8,,,,,14.5,,,,,16.2,,,,,18,,,,,19.8,,,,,21.8,,,,,23.7,,,,,25.6,,,,,27.2,,,,,28.9,,,,,30.5,,,,,31.9,,,,,33.3,,,,,34.5,,,,,35.5,,,,,36.4
Egypt,5.06,,,,,5.6,,,,,5.88,,,,,6.02,,,,,6.11,,,,,6.21,,,,,6.25,,,,,6.32,,,,,7.01,,,,,7.18,,,,,7.19,,,,,7.06,,,,,7.53,,,,,7.71,,,,,8.25,,,,,9.01,,,,,9.88,,,,,10.9,,,,,12.2,,,,,13.8,,,,,15.4,,,,,16.4,,,,,17,,,,,17.7,,,,,18.7,,,,,20.7,,,,,22.4,,,,,23.7,,,,,24.9,,,,,26.3,,,,,27.7
El Salvador,5.64,,,,,5.11,,,,,4.86,,,,,4.74,,,,,4.67,,,,,4.72,,,,,4.98,,,,,5.44,,,,,6.55,,,,,7.31,,,,,8.21,,,,,9.12,,,,,10,,,,,11.1,,,,,12.2,,,,,13.5,,,,,14.9,,,,,16.5,,,,,18.2,,,,,19.9,,,,,22.1,,,,,25.3,,,,,28.6,,,,,31,,,,,32.9,,,,,34.7,,,,,36.5,,,,,38,,,,,39.1,,,,,39.8,,,,,40.4
Equatorial Guinea,8.37,,,,,7.8,,,,,7.35,,,,,6.9,,,,,6.52,,,,,6.37,,,,,6.27,,,,,6.12,,,,,6.42,,,,,6.18,,,,,5.72,,,,,5.27,,,,,4.78,,,,,4.56,,,,,4.23,,,,,4.02,,,,,4.19,,,,,4.28,,,,,4.41,,,,,5.1,,,,,6.64,,,,,8.61,,,,,10.7,,,,,12.4,,,,,14,,,,,15.5,,,,,17,,,,,18.5,,,,,19.9,,,,,21.4,,,,,22.9
Eritrea,4.89,,,,,4.49,,,,,4.2,,,,,4.03,,,,,3.97,,,,,4,,,,,4.08,,,,,4.18,,,,,4.6,,,,,5.13,,,,,5.43,,,,,5.45,,,,,5.53,,,,,5.33,,,,,5.2,,,,,5.15,,,,,5.2,,,,,5.51,,,,,6.43,,,,,7.97,,,,,9.54,,,,,10.6,,,,,11.7,,,,,13.2,,,,,15.1,,,,,16.8,,,,,18.4,,,,,19.8,,,,,21.3,,,,,22.9,,,,,24.5
Estonia,13,,,,,12.9,,,,,13.7,,,,,14.4,,,,,15,,,,,15.2,,,,,13.9,,,,,13.8,,,,,17.2,,,,,19.2,,,,,21.1,,,,,21.9,,,,,23.2,,,,,25.1,,,,,26.9,,,,,28.5,,,,,29.6,,,,,31.4,,,,,32.8,,,,,34.5,,,,,36.6,,,,,36.9,,,,,35.8,,,,,35.2,,,,,35.9,,,,,36.1,,,,,36.4,,,,,36.6,,,,,36.6,,,,,36.6,,,,,36.9
Ethiopia,4.59,,,,,4.26,,,,,4.06,,,,,4.19,,,,,4.3,,,,,4.36,,,,,4.76,,,,,4.59,,,,,4.88,,,,,4.95,,,,,4.79,,,,,4.85,,,,,5.11,,,,,5.23,,,,,5.41,,,,,5.61,,,,,6.02,,,,,6.65,,,,,7.43,,,,,8.58,,,,,9.9,,,,,11.7,,,,,13.8,,,,,16,,,,,18,,,,,19.9,,,,,21.9,,,,,23.7,,,,,25.5,,,,,27.1,,,,,28.6
Fiji,4.05,,,,,3.26,,,,,3.22,,,,,3.24,,,,,3.55,,,,,4.01,,,,,4.17,,,,,4.22,,,,,4.75,,,,,4.98,,,,,5.66,,,,,6.89,,,,,7.91,,,,,9.25,,,,,11,,,,,12.8,,,,,13.9,,,,,14.8,,,,,16.1,,,,,17.7,,,,,18.9,,,,,20.2,,,,,21.1,,,,,22.3,,,,,24.1,,,,,25.8,,,,,27.2,,,,,28.4,,,,,29.6,,,,,30.7,,,,,31.8
Finland,9.4,,,,,9.59,,,,,10.4,,,,,11.5,,,,,13.1,,,,,14.2,,,,,14.6,,,,,15.2,,,,,18.5,,,,,19,,,,,20,,,,,21.5,,,,,24.8,,,,,27.1,,,,,28.7,,,,,30.2,,,,,31,,,,,31,,,,,31.2,,,,,31.5,,,,,31.7,,,,,32.4,,,,,32.6,,,,,32.8,,,,,33.4,,,,,33.8,,,,,34.4,,,,,34.9,,,,,35.4,,,,,35.8,,,,,36.3
France,14.7,,,,,14.5,,,,,14.7,,,,,15.4,,,,,15.8,,,,,15.9,,,,,14.1,,,,,15,,,,,19.1,,,,,20.2,,,,,20.6,,,,,20.9,,,,,23.1,,,,,25,,,,,26.7,,,,,28.5,,,,,30,,,,,31.2,,,,,31.6,,,,,32,,,,,32.2,,,,,32.1,,,,,32.3,,,,,32.7,,,,,33.2,,,,,33.7,,,,,34.2,,,,,34.6,,,,,35.1,,,,,35.6,,,,,36.1
Gabon,10.4,,,,,10.2,,,,,10,,,,,9.6,,,,,9.09,,,,,8.77,,,,,8.55,,,,,8.28,,,,,8.98,,,,,8.75,,,,,8.34,,,,,7.72,,,,,6.99,,,,,6.41,,,,,6.37,,,,,6.77,,,,,7.65,,,,,8.84,,,,,10.2,,,,,11.8,,,,,13.2,,,,,14.3,,,,,15.2,,,,,16,,,,,17.2,,,,,18.8,,,,,20.5,,,,,21.9,,,,,23.1,,,,,24.3,,,,,25.5
Gambia,4.66,,,,,4.28,,,,,4.02,,,,,4.34,,,,,4.68,,,,,4.8,,,,,4.83,,,,,4.45,,,,,4.17,,,,,4.17,,,,,4.06,,,,,3.98,,,,,3.72,,,,,3.76,,,,,3.91,,,,,4.16,,,,,4.51,,,,,4.76,,,,,5.28,,,,,5.84,,,,,6.4,,,,,7.07,,,,,7.95,,,,,9.02,,,,,10.2,,,,,11.6,,,,,13,,,,,14.3,,,,,15.7,,,,,17,,,,,18.3
Georgia,13.5,,,,,12,,,,,10.5,,,,,10,,,,,10.1,,,,,11,,,,,11,,,,,11.3,,,,,15,,,,,16.2,,,,,18.3,,,,,18.2,,,,,18.8,,,,,20.3,,,,,21.7,,,,,23.6,,,,,24.7,,,,,25.9,,,,,27.1,,,,,28.1,,,,,29.4,,,,,30.5,,,,,30.4,,,,,29.8,,,,,30.3,,,,,31.8,,,,,32.8,,,,,33.4,,,,,33.7,,,,,34.1,,,,,34.7
Germany,13.5,,,,,14.4,,,,,15.6,,,,,16.9,,,,,17.9,,,,,18.3,,,,,16.7,,,,,16.7,,,,,20.4,,,,,20.9,,,,,23.3,,,,,24.9,,,,,26.1,,,,,27.3,,,,,29.2,,,,,32.1,,,,,34.7,,,,,35.5,,,,,35.9,,,,,36.7,,,,,37.6,,,,,38,,,,,37.9,,,,,37.6,,,,,37.4,,,,,37.4,,,,,37.6,,,,,37.9,,,,,38.2,,,,,38.4,,,,,38.7
Ghana,3.93,,,,,3.9,,,,,3.94,,,,,3.99,,,,,4.04,,,,,4.09,,,,,4.15,,,,,4.22,,,,,4.53,,,,,4.75,,,,,4.81,,,,,5.18,,,,,5.39,,,,,5.25,,,,,5.48,,,,,5.91,,,,,6.55,,,,,7.26,,,,,8.06,,,,,8.93,,,,,9.78,,,,,10.6,,,,,11.5,,,,,12.4,,,,,13.4,,,,,14.7,,,,,15.8,,,,,16.9,,,,,17.9,,,,,19,,,,,20.1
Greece,8.76,,,,,9.04,,,,,9.67,,,,,10.8,,,,,13.7,,,,,14.6,,,,,14.6,,,,,14.8,,,,,19.2,,,,,20.8,,,,,22,,,,,22.5,,,,,24,,,,,25.7,,,,,27.8,,,,,30.1,,,,,33.2,,,,,36.2,,,,,39,,,,,41.1,,,,,41.6,,,,,41.6,,,,,41.7,,,,,41.6,,,,,42.1,,,,,42,,,,,41.5,,,,,41,,,,,40.7,,,,,40.6,,,,,40.7
Grenada,6.6,,,,,6.64,,,,,6.86,,,,,6.82,,,,,7.2,,,,,8.05,,,,,8.63,,,,,7.18,,,,,11.2,,,,,10.2,,,,,10.4,,,,,9.93,,,,,9.64,,,,,10.2,,,,,11.3,,,,,13.4,,,,,14.3,,,,,15.5,,,,,17.4,,,,,20.7,,,,,25.1,,,,,27.9,,,,,29.9,,,,,31.1,,,,,32.7,,,,,34.6,,,,,36.5,,,,,37.9,,,,,38.7,,,,,39.2,,,,,39.9
Guatemala,3.99,,,,,3.99,,,,,4.09,,,,,4.19,,,,,4.15,,,,,4.23,,,,,4.33,,,,,4.6,,,,,5.39,,,,,5.64,,,,,5.8,,,,,5.9,,,,,6.07,,,,,6.65,,,,,7.23,,,,,7.8,,,,,8.59,,,,,9.72,,,,,11.3,,,,,13.2,,,,,15.2,,,,,17.6,,,,,20.1,,,,,22.6,,,,,24.6,,,,,26.5,,,,,28.2,,,,,29.9,,,,,31.3,,,,,32.6,,,,,33.8
Guinea,7.45,,,,,6.11,,,,,5.41,,,,,5.16,,,,,5.14,,,,,5.23,,,,,5.3,,,,,5.33,,,,,5.59,,,,,5.56,,,,,5.37,,,,,5.09,,,,,4.91,,,,,5.09,,,,,5.25,,,,,5.41,,,,,5.56,,,,,5.81,,,,,6.24,,,,,6.84,,,,,7.62,,,,,8.54,,,,,9.58,,,,,10.7,,,,,12,,,,,13.3,,,,,14.6,,,,,16,,,,,17.4,,,,,18.8,,,,,20.2
Guinea-Bissau,5.31,,,,,4.84,,,,,4.86,,,,,4.91,,,,,5.42,,,,,5.93,,,,,5.42,,,,,5.09,,,,,4.99,,,,,4.68,,,,,4.54,,,,,4.54,,,,,4.57,,,,,4.89,,,,,4.97,,,,,5.07,,,,,5.25,,,,,5.7,,,,,6.3,,,,,7.18,,,,,8.14,,,,,9.09,,,,,9.9,,,,,10.7,,,,,11.7,,,,,12.9,,,,,14.1,,,,,15.3,,,,,16.4,,,,,17.5,,,,,18.6
Guyana,5.66,,,,,5.31,,,,,4.91,,,,,4.89,,,,,4.89,,,,,4.92,,,,,4.98,,,,,4.58,,,,,5.75,,,,,5.72,,,,,5.98,,,,,5.98,,,,,7.22,,,,,8.11,,,,,9.47,,,,,10.9,,,,,12.4,,,,,13.8,,,,,14.9,,,,,15.5,,,,,15.3,,,,,17.6,,,,,20.1,,,,,22,,,,,23.1,,,,,24.3,,,,,25.6,,,,,26.8,,,,,27.9,,,,,28.8,,,,,29.7
Haiti,5.06,,,,,4.81,,,,,4.99,,,,,5.39,,,,,5.7,,,,,5.93,,,,,5.94,,,,,5.74,,,,,6.08,,,,,6.11,,,,,6.26,,,,,6.42,,,,,6.5,,,,,7.05,,,,,7.66,,,,,8.46,,,,,9.28,,,,,10,,,,,11.3,,,,,13.3,,,,,15.2,,,,,17,,,,,18.7,,,,,20.1,,,,,21.5,,,,,22.7,,,,,23.9,,,,,25.1,,,,,26.1,,,,,27,,,,,27.9
Honduras,5.37,,,,,4.93,,,,,4.84,,,,,4.73,,,,,4.6,,,,,4.58,,,,,4.34,,,,,4.41,,,,,5.03,,,,,5.2,,,,,5.34,,,,,5.47,,,,,5.85,,,,,6.61,,,,,7.53,,,,,8.63,,,,,10,,,,,11.7,,,,,13.7,,,,,16,,,,,18.5,,,,,21.2,,,,,23.9,,,,,26.5,,,,,28.5,,,,,30.1,,,,,31.6,,,,,32.9,,,,,34.1,,,,,35,,,,,35.8
Hungary,11,,,,,11.4,,,,,12.8,,,,,14.3,,,,,15.7,,,,,16.9,,,,,14.9,,,,,16.1,,,,,19,,,,,19.7,,,,,20.2,,,,,21.4,,,,,22.1,,,,,25,,,,,26.8,,,,,27.2,,,,,28.3,,,,,30.5,,,,,33,,,,,34,,,,,34.7,,,,,36,,,,,36.1,,,,,35.9,,,,,35.9,,,,,35.8,,,,,35.8,,,,,35.9,,,,,36.1,,,,,36.3,,,,,36.5
Iceland,9.31,,,,,9.92,,,,,10.2,,,,,10.5,,,,,10.8,,,,,10.9,,,,,11.3,,,,,11.6,,,,,14.6,,,,,15.1,,,,,15,,,,,15.8,,,,,16.9,,,,,19.1,,,,,21.5,,,,,23.8,,,,,25.4,,,,,26.9,,,,,28.1,,,,,29.5,,,,,30.6,,,,,32.1,,,,,32.9,,,,,33.6,,,,,34.7,,,,,35.6,,,,,36.4,,,,,37,,,,,37.6,,,,,38,,,,,38.5
India,5.03,,,,,4.78,,,,,4.96,,,,,5.05,,,,,5.21,,,,,5.35,,,,,5.47,,,,,5.57,,,,,6.14,,,,,6.46,,,,,6.89,,,,,7.27,,,,,7.81,,,,,8.92,,,,,10.1,,,,,11.3,,,,,12.5,,,,,13.8,,,,,15.3,,,,,17.2,,,,,19.1,,,,,21,,,,,22.8,,,,,24.6,,,,,26.2,,,,,27.3,,,,,28.5,,,,,29.5,,,,,30.6,,,,,31.5,,,,,32.2
Indonesia,5.88,,,,,5.59,,,,,5.19,,,,,5.05,,,,,5.14,,,,,5.24,,,,,5.24,,,,,5.32,,,,,6.1,,,,,6.65,,,,,7.36,,,,,7.38,,,,,7.35,,,,,8.12,,,,,9.5,,,,,11.1,,,,,12.9,,,,,14.7,,,,,16.4,,,,,17.9,,,,,19.2,,,,,20.3,,,,,21.4,,,,,22.7,,,,,23.8,,,,,25.2,,,,,26.3,,,,,27.3,,,,,28.1,,,,,28.9,,,,,29.7
Iran,7.63,,,,,6.48,,,,,5.64,,,,,5.21,,,,,4.93,,,,,4.67,,,,,4.53,,,,,4.82,,,,,5.37,,,,,5.87,,,,,6.21,,,,,6.83,,,,,7.13,,,,,8.18,,,,,9.87,,,,,12,,,,,14.5,,,,,17.3,,,,,21.2,,,,,26.9,,,,,32.1,,,,,34.9,,,,,35.7,,,,,36.2,,,,,37.3,,,,,38.8,,,,,39.7,,,,,39.7,,,,,39.3,,,,,39.1,,,,,39.2
Iraq,4.2,,,,,4.66,,,,,5.42,,,,,6.08,,,,,6.29,,,,,6.1,,,,,5.75,,,,,5.34,,,,,5.55,,,,,5.33,,,,,5.18,,,,,5.07,,,,,4.75,,,,,5.02,,,,,4.98,,,,,5.2,,,,,5.95,,,,,6.8,,,,,7.65,,,,,8.4,,,,,9.15,,,,,9.88,,,,,10.7,,,,,11.4,,,,,12.3,,,,,13.4,,,,,14.5,,,,,15.6,,,,,16.8,,,,,17.9,,,,,19.2
Ireland,13.6,,,,,13.2,,,,,13.5,,,,,13.4,,,,,13.3,,,,,13.3,,,,,12.7,,,,,12.5,,,,,14.4,,,,,14.4,,,,,14.5,,,,,14.8,,,,,16.1,,,,,18.4,,,,,20.2,,,,,22.3,,,,,24.2,,,,,26.7,,,,,29,,,,,30.6,,,,,30.8,,,,,30.4,,,,,30.3,,,,,30.8,,,,,31.8,,,,,32.8,,,,,33.5,,,,,34,,,,,34.4,,,,,34.9,,,,,35.6
Israel,5.94,,,,,6.19,,,,,7.04,,,,,8.27,,,,,9.56,,,,,10.7,,,,,10.7,,,,,10.7,,,,,12.2,,,,,13.2,,,,,13.2,,,,,13.2,,,,,14.9,,,,,15.8,,,,,16.5,,,,,17.2,,,,,17.9,,,,,19,,,,,20.1,,,,,20.9,,,,,21.6,,,,,22.2,,,,,23,,,,,24,,,,,25.2,,,,,26.8,,,,,28.1,,,,,29.3,,,,,30.4,,,,,31.6,,,,,32.8
Italy,11,,,,,11.7,,,,,12.5,,,,,13.3,,,,,14.5,,,,,15.5,,,,,15,,,,,16.2,,,,,20.5,,,,,22.3,,,,,24.2,,,,,25.1,,,,,26.9,,,,,28.6,,,,,30.7,,,,,33.6,,,,,36.6,,,,,39.1,,,,,40.4,,,,,40.6,,,,,40.3,,,,,39.8,,,,,39.2,,,,,38.8,,,,,38.7,,,,,38.6,,,,,38.5,,,,,38.6,,,,,38.7,,,,,39,,,,,39.3
Jamaica,5.56,,,,,5.85,,,,,6.14,,,,,7.33,,,,,7.69,,,,,7.72,,,,,7.94,,,,,7.96,,,,,10,,,,,10,,,,,10.4,,,,,10.8,,,,,11.6,,,,,13,,,,,14.7,,,,,16.8,,,,,19,,,,,21.2,,,,,23.3,,,,,25.8,,,,,29,,,,,32.3,,,,,35.5,,,,,37.4,,,,,38.7,,,,,39.5,,,,,41.5,,,,,43.1,,,,,44.2,,,,,44.9,,,,,45.5
Japan,7.22,,,,,7.46,,,,,7.99,,,,,8.76,,,,,9.58,,,,,10.5,,,,,11.5,,,,,12.8,,,,,17.3,,,,,20.2,,,,,23,,,,,26.3,,,,,30.3,,,,,32.8,,,,,34.1,,,,,35.4,,,,,37.2,,,,,39.9,,,,,41.3,,,,,42.1,,,,,42.4,,,,,42.3,,,,,42.3,,,,,41.9,,,,,41.5,,,,,41.1,,,,,40.9,,,,,40.8,,,,,40.8,,,,,40.9,,,,,41.1
Jordan,6.94,,,,,6.55,,,,,5.84,,,,,4.97,,,,,4.51,,,,,4.2,,,,,4.24,,,,,4.6,,,,,4.79,,,,,4.65,,,,,4.91,,,,,5.26,,,,,5.43,,,,,5.52,,,,,6.04,,,,,7.15,,,,,8.72,,,,,10.5,,,,,12.1,,,,,13.8,,,,,15.4,,,,,16.8,,,,,18.2,,,,,19.7,,,,,21.4,,,,,23.4,,,,,25.1,,,,,26.8,,,,,28.3,,,,,29.7,,,,,31.1
Kazakhstan,9.41,,,,,8.37,,,,,7.45,,,,,7.25,,,,,7.34,,,,,7.67,,,,,7.26,,,,,7.24,,,,,9.62,,,,,10,,,,,11.2,,,,,10.1,,,,,9.86,,,,,10.7,,,,,11.8,,,,,13.7,,,,,14.6,,,,,15.6,,,,,16.3,,,,,17.3,,,,,19.2,,,,,20.3,,,,,19.9,,,,,19.6,,,,,20.9,,,,,23.4,,,,,25.1,,,,,26.3,,,,,27.1,,,,,27.9,,,,,28.9
Kenya,5.99,,,,,5.71,,,,,5.52,,,,,5.27,,,,,4.95,,,,,4.57,,,,,4.2,,,,,3.93,,,,,4.17,,,,,4.15,,,,,3.98,,,,,3.75,,,,,3.81,,,,,4.11,,,,,4.5,,,,,4.97,,,,,5.6,,,,,6.53,,,,,7.77,,,,,9.2,,,,,10.6,,,,,11.8,,,,,13.2,,,,,14.8,,,,,16.4,,,,,17.9,,,,,19.4,,,,,20.8,,,,,22.3,,,,,23.8,,,,,25.2
Kiribati,5.52,,,,,5.5,,,,,5.22,,,,,4.89,,,,,4.8,,,,,4.83,,,,,4.86,,,,,5.38,,,,,5.61,,,,,5.41,,,,,5.25,,,,,5.42,,,,,5.44,,,,,6.07,,,,,6.88,,,,,8.1,,,,,9.25,,,,,9.61,,,,,10,,,,,10.8,,,,,11.9,,,,,12.7,,,,,13.7,,,,,13.9,,,,,15,,,,,16.2,,,,,17.3,,,,,18.3,,,,,19.2,,,,,19.9,,,,,20.7
Kuwait,4.27,,,,,3.9,,,,,3.32,,,,,2.62,,,,,2.85,,,,,2.74,,,,,2.27,,,,,2.16,,,,,2.23,,,,,2.49,,,,,2.97,,,,,3.6,,,,,3.42,,,,,4.07,,,,,6.14,,,,,8.45,,,,,12.1,,,,,15.7,,,,,18.2,,,,,19.9,,,,,20.5,,,,,21,,,,,22,,,,,22.6,,,,,23.5,,,,,24.7,,,,,26.1,,,,,27,,,,,27.7,,,,,28.4,,,,,29.2
Kyrgyz Republic,11.5,,,,,10.3,,,,,9.12,,,,,8.55,,,,,7.93,,,,,7.43,,,,,6.68,,,,,6.6,,,,,8.34,,,,,8.03,,,,,8.27,,,,,7.06,,,,,6.44,,,,,7.17,,,,,8.38,,,,,10.2,,,,,11.6,,,,,12.5,,,,,13.3,,,,,14.4,,,,,16.7,,,,,18.3,,,,,19,,,,,19,,,,,20.1,,,,,22.5,,,,,24.3,,,,,25.7,,,,,26.8,,,,,27.9,,,,,29.1
Lao,3.74,,,,,4.09,,,,,4.39,,,,,4.71,,,,,4.89,,,,,5.01,,,,,5.38,,,,,5.38,,,,,5.59,,,,,5.43,,,,,5.44,,,,,5.47,,,,,5.6,,,,,6.11,,,,,6.72,,,,,7.59,,,,,8.65,,,,,9.97,,,,,11.6,,,,,13.6,,,,,16.1,,,,,18.8,,,,,21.2,,,,,23.2,,,,,25.2,,,,,27.1,,,,,28.9,,,,,30.5,,,,,31.8,,,,,33,,,,,33.9
Latvia,13.1,,,,,13.1,,,,,13.2,,,,,14.3,,,,,15.3,,,,,15.6,,,,,14.1,,,,,14.1,,,,,17.6,,,,,19.3,,,,,21.2,,,,,22.5,,,,,23.6,,,,,25.4,,,,,27.5,,,,,29.3,,,,,30.3,,,,,31.7,,,,,32.6,,,,,33.7,,,,,35.3,,,,,35.7,,,,,33.9,,,,,33,,,,,33.6,,,,,34.1,,,,,34.4,,,,,34.6,,,,,34.6,,,,,34.5,,,,,34.7
Lebanon,9.49,,,,,8.63,,,,,7.54,,,,,6.96,,,,,6.76,,,,,6.67,,,,,6.59,,,,,7.09,,,,,9.21,,,,,9.49,,,,,10.4,,,,,10.7,,,,,11.9,,,,,11.5,,,,,13.1,,,,,16.2,,,,,19,,,,,21.1,,,,,23.6,,,,,27.2,,,,,31.2,,,,,35.1,,,,,37.9,,,,,39.4,,,,,39.4,,,,,39.4,,,,,39.3,,,,,39.8,,,,,40.5,,,,,40.8,,,,,40.7
Lesotho,6.52,,,,,6.3,,,,,6.15,,,,,6.09,,,,,6.11,,,,,6,,,,,5.82,,,,,5.85,,,,,6.38,,,,,6.59,,,,,6.5,,,,,6.33,,,,,6.65,,,,,6.74,,,,,6.56,,,,,6.19,,,,,5.9,,,,,5.87,,,,,6.43,,,,,7.74,,,,,9.44,,,,,11.3,,,,,13.1,,,,,14.6,,,,,16,,,,,17.8,,,,,19.6,,,,,21.3,,,,,22.7,,,,,24.1,,,,,25.3
Liberia,4.63,,,,,4.22,,,,,4.08,,,,,4.06,,,,,4.11,,,,,4.24,,,,,4.41,,,,,4.57,,,,,4.86,,,,,4.92,,,,,5.02,,,,,4.9,,,,,4.76,,,,,4.83,,,,,5.02,,,,,5.29,,,,,5.65,,,,,6.15,,,,,6.77,,,,,7.5,,,,,8.22,,,,,8.95,,,,,9.94,,,,,11.2,,,,,12.4,,,,,13.7,,,,,15,,,,,16.3,,,,,17.6,,,,,19,,,,,20.5
Libya,7.53,,,,,6.58,,,,,5.6,,,,,4.94,,,,,4.52,,,,,4.27,,,,,4.21,,,,,4.38,,,,,4.98,,,,,5.37,,,,,5.72,,,,,5.91,,,,,5.97,,,,,6.45,,,,,7.07,,,,,8.45,,,,,11,,,,,14.2,,,,,17.7,,,,,20.5,,,,,22.8,,,,,24.2,,,,,25.1,,,,,26.1,,,,,27.4,,,,,29.1,,,,,30.5,,,,,31.4,,,,,32,,,,,32.5,,,,,32.9
Lithuania,11.8,,,,,11.3,,,,,10.9,,,,,12.1,,,,,13.4,,,,,13.3,,,,,12.3,,,,,12.5,,,,,16.1,,,,,17.5,,,,,19.2,,,,,21.1,,,,,22.4,,,,,24.5,,,,,26.5,,,,,28.6,,,,,29.9,,,,,31,,,,,31.5,,,,,31.8,,,,,32.6,,,,,33.8,,,,,33.8,,,,,33,,,,,32.5,,,,,32.7,,,,,33,,,,,33.5,,,,,33.9,,,,,33.9,,,,,33.9
Luxembourg,13.3,,,,,13.8,,,,,14.6,,,,,15.7,,,,,16.7,,,,,16.7,,,,,15.6,,,,,15.6,,,,,19,,,,,19,,,,,18.8,,,,,19,,,,,19,,,,,19.1,,,,,20.5,,,,,22.4,,,,,24.6,,,,,26.1,,,,,27,,,,,28.2,,,,,28.8,,,,,29.2,,,,,29.7,,,,,30,,,,,30.2,,,,,30.6,,,,,31.2,,,,,31.9,,,,,32.6,,,,,33.3,,,,,34
Madagascar,5.18,,,,,5.22,,,,,5.26,,,,,5.46,,,,,5.68,,,,,5.29,,,,,4.77,,,,,4.56,,,,,4.81,,,,,4.77,,,,,4.58,,,,,4.39,,,,,4.34,,,,,4.65,,,,,5.01,,,,,5.4,,,,,5.86,,,,,6.41,,,,,7.04,,,,,7.7,,,,,8.46,,,,,9.43,,,,,10.6,,,,,11.8,,,,,12.9,,,,,14.1,,,,,15.3,,,,,16.6,,,,,17.9,,,,,19.2,,,,,20.6
Malawi,4.71,,,,,4.46,,,,,4.24,,,,,4.13,,,,,3.85,,,,,3.85,,,,,4.03,,,,,3.95,,,,,4.19,,,,,4.6,,,,,4.43,,,,,4.44,,,,,4.47,,,,,4.31,,,,,4.19,,,,,4.19,,,,,4.38,,,,,4.82,,,,,5.55,,,,,6.48,,,,,7.72,,,,,9.03,,,,,10.4,,,,,11.8,,,,,13.3,,,,,14.7,,,,,16.1,,,,,17.5,,,,,19,,,,,20.4,,,,,21.8
Malaysia,6.69,,,,,5.34,,,,,4.74,,,,,4.51,,,,,4.99,,,,,5.05,,,,,5.18,,,,,5.25,,,,,5.75,,,,,5.86,,,,,6.29,,,,,7.09,,,,,7.88,,,,,9.13,,,,,10.7,,,,,12.3,,,,,13.8,,,,,15.4,,,,,17.2,,,,,19.9,,,,,23.1,,,,,26.1,,,,,28.3,,,,,29.8,,,,,30.7,,,,,31.5,,,,,32.5,,,,,33.5,,,,,34.4,,,,,35,,,,,35.4
Maldives,4.68,,,,,4.39,,,,,4.07,,,,,3.83,,,,,3.95,,,,,4.02,,,,,4.26,,,,,4.42,,,,,4.75,,,,,5.31,,,,,6.1,,,,,6.29,,,,,6.01,,,,,5.97,,,,,7.1,,,,,8.86,,,,,11,,,,,13.5,,,,,16.5,,,,,21.8,,,,,28.4,,,,,33.3,,,,,35.6,,,,,36.4,,,,,37.1,,,,,38.4,,,,,39.4,,,,,39.7,,,,,39.5,,,,,39.2,,,,,39.4
Mali,4.64,,,,,4.2,,,,,4.14,,,,,4.43,,,,,4.84,,,,,5.22,,,,,5.5,,,,,5.58,,,,,5.87,,,,,5.49,,,,,4.98,,,,,4.6,,,,,4.19,,,,,4.02,,,,,3.87,,,,,3.83,,,,,3.99,,,,,4.35,,,,,4.78,,,,,5.21,,,,,5.61,,,,,6.09,,,,,6.73,,,,,7.66,,,,,8.87,,,,,10.1,,,,,11.4,,,,,12.7,,,,,14.2,,,,,15.6,,,,,17.1
Malta,8.7,,,,,8.96,,,,,9.77,,,,,10.8,,,,,12.5,,,,,12.3,,,,,12.4,,,,,12.5,,,,,14.8,,,,,15.9,,,,,16.8,,,,,18.8,,,,,22.9,,,,,25.1,,,,,27.6,,,,,29.3,,,,,30,,,,,31.1,,,,,32.9,,,,,34.8,,,,,36.8,,,,,38.5,,,,,39.2,,,,,39,,,,,38.8,,,,,38.7,,,,,38.7,,,,,38.8,,,,,38.9,,,,,38.9,,,,,38.9
Mauritania,2.8,,,,,3.19,,,,,3.56,,,,,3.9,,,,,4.18,,,,,4.39,,,,,4.53,,,,,4.63,,,,,4.96,,,,,4.98,,,,,4.91,,,,,4.84,,,,,4.82,,,,,4.93,,,,,5.25,,,,,5.69,,,,,6.21,,,,,6.82,,,,,7.47,,,,,8.13,,,,,8.8,,,,,9.44,,,,,10.1,,,,,10.8,,,,,11.5,,,,,12.4,,,,,13.3,,,,,14.1,,,,,15,,,,,15.8,,,,,16.6
Mauritius,4.36,,,,,3.98,,,,,3.83,,,,,3.8,,,,,3.98,,,,,4.28,,,,,5.4,,,,,6.09,,,,,7.2,,,,,7.91,,,,,8.93,,,,,9.64,,,,,12.1,,,,,15.4,,,,,18.4,,,,,21.7,,,,,23.8,,,,,25.4,,,,,27.7,,,,,29,,,,,30.2,,,,,32.6,,,,,34.3,,,,,36.2,,,,,37.1,,,,,37.1,,,,,37,,,,,36.9,,,,,37,,,,,37.2,,,,,37.2
Mexico,4.72,,,,,4.78,,,,,4.92,,,,,5.08,,,,,5.04,,,,,4.97,,,,,4.87,,,,,5.14,,,,,6.34,,,,,6.75,,,,,7.13,,,,,7.72,,,,,8.4,,,,,9.58,,,,,10.9,,,,,12.5,,,,,14.6,,,,,17.4,,,,,19.9,,,,,22.2,,,,,24.6,,,,,27,,,,,29.3,,,,,31.3,,,,,33,,,,,34.6,,,,,36,,,,,37.1,,,,,37.9,,,,,38.5,,,,,38.9
"Micronesia, Fed. Sts.",5.8,,,,,5.38,,,,,5.12,,,,,4.94,,,,,4.81,,,,,6.02,,,,,5.13,,,,,4.97,,,,,5.32,,,,,5.65,,,,,5.21,,,,,5.54,,,,,6.16,,,,,7.52,,,,,8.6,,,,,9.18,,,,,9.06,,,,,8.25,,,,,8.02,,,,,9.71,,,,,12.1,,,,,15,,,,,17.8,,,,,19.8,,,,,20.9,,,,,21.6,,,,,22.6,,,,,24,,,,,25.6,,,,,27,,,,,27.9
Moldova,10.2,,,,,8.81,,,,,8.08,,,,,8.34,,,,,8.75,,,,,9.83,,,,,9.83,,,,,10.6,,,,,12.8,,,,,13.1,,,,,13.7,,,,,13.6,,,,,14.1,,,,,16.5,,,,,18.9,,,,,21.6,,,,,22.6,,,,,23.8,,,,,25.9,,,,,29.2,,,,,34.5,,,,,37.6,,,,,38.3,,,,,37.8,,,,,37.7,,,,,37.9,,,,,37.8,,,,,37.4,,,,,37,,,,,36.7,,,,,36.5
Mongolia,6.72,,,,,7.47,,,,,7.8,,,,,7.44,,,,,7.41,,,,,6.76,,,,,6.46,,,,,6.05,,,,,6.25,,,,,5.85,,,,,5.61,,,,,5.63,,,,,5.66,,,,,6.21,,,,,7.42,,,,,9.35,,,,,11.1,,,,,13,,,,,14.7,,,,,16.5,,,,,18.8,,,,,19.8,,,,,19.9,,,,,19.6,,,,,20.4,,,,,22.8,,,,,24.6,,,,,25.8,,,,,26.7,,,,,27.3,,,,,28.1
Montenegro,9.45,,,,,8.36,,,,,7.9,,,,,7.87,,,,,9.63,,,,,9.62,,,,,9.05,,,,,9.13,,,,,12.5,,,,,14.8,,,,,16.7,,,,,17,,,,,17.9,,,,,20.4,,,,,22.6,,,,,24.7,,,,,25.9,,,,,27.4,,,,,28.9,,,,,30.8,,,,,32.1,,,,,33.6,,,,,34.9,,,,,35.9,,,,,36.9,,,,,37.6,,,,,38,,,,,38.2,,,,,38.4,,,,,38.6,,,,,38.8
Morocco,4.52,,,,,4.72,,,,,4.89,,,,,5.05,,,,,5.05,,,,,4.79,,,,,4.77,,,,,5.26,,,,,6.55,,,,,7.22,,,,,7.73,,,,,8.23,,,,,8.63,,,,,9.95,,,,,11.9,,,,,13.9,,,,,15.7,,,,,17.5,,,,,19.5,,,,,21.8,,,,,24,,,,,26.2,,,,,27.7,,,,,29.1,,,,,30.5,,,,,32.3,,,,,33.8,,,,,35.1,,,,,36,,,,,36.8,,,,,37.6
Mozambique,4.54,,,,,4.5,,,,,4.52,,,,,4.56,,,,,4.6,,,,,4.61,,,,,4.58,,,,,4.59,,,,,5,,,,,4.83,,,,,4.84,,,,,4.83,,,,,4.8,,,,,4.83,,,,,4.85,,,,,4.87,,,,,4.93,,,,,5.15,,,,,5.5,,,,,5.98,,,,,6.55,,,,,7.3,,,,,8.24,,,,,9.37,,,,,10.6,,,,,11.9,,,,,13.1,,,,,14.4,,,,,15.8,,,,,17.2,,,,,18.6
Myanmar,5.43,,,,,5.38,,,,,5.48,,,,,5.66,,,,,5.79,,,,,5.86,,,,,6.03,,,,,6.11,,,,,6.82,,,,,7.06,,,,,7.01,,,,,7.02,,,,,7.53,,,,,8.89,,,,,10.3,,,,,11.6,,,,,13.1,,,,,14.6,,,,,16,,,,,17.3,,,,,18.5,,,,,19.8,,,,,21.2,,,,,23,,,,,24.2,,,,,24.8,,,,,25.3,,,,,25.9,,,,,26.5,,,,,27.1,,,,,27.7
Namibia,6.25,,,,,5.75,,,,,5.48,,,,,5.4,,,,,5.24,,,,,5.13,,,,,5.12,,,,,5.08,,,,,5.27,,,,,5.08,,,,,4.94,,,,,5.02,,,,,5.18,,,,,5.37,,,,,5.71,,,,,6.23,,,,,6.81,,,,,7.53,,,,,8.42,,,,,9.45,,,,,10.9,,,,,12.6,,,,,14.2,,,,,15.6,,,,,16.9,,,,,18.7,,,,,20.3,,,,,21.9,,,,,23.4,,,,,24.7,,,,,26
Nepal,3.66,,,,,4.09,,,,,4.39,,,,,4.63,,,,,4.88,,,,,5.06,,,,,5.16,,,,,5.27,,,,,5.67,,,,,5.67,,,,,5.88,,,,,6.68,,,,,7.42,,,,,8.54,,,,,9.05,,,,,9.81,,,,,10.8,,,,,12.1,,,,,13.7,,,,,15.6,,,,,18,,,,,21.1,,,,,24.9,,,,,28.7,,,,,31.7,,,,,33.6,,,,,35.4,,,,,36.9,,,,,38.1,,,,,38.8,,,,,39.2
Netherlands,10.4,,,,,11,,,,,11.7,,,,,12.2,,,,,12.7,,,,,13.1,,,,,13.4,,,,,14.1,,,,,17.2,,,,,17.7,,,,,18.2,,,,,19.3,,,,,22,,,,,24.1,,,,,26.5,,,,,29.1,,,,,31.5,,,,,32.7,,,,,33,,,,,33.3,,,,,33.7,,,,,34.2,,,,,34.5,,,,,35,,,,,35.3,,,,,35.5,,,,,35.9,,,,,36.3,,,,,36.7,,,,,37.1,,,,,37.4
New Zealand,12,,,,,11.4,,,,,10.8,,,,,10.4,,,,,11,,,,,11.3,,,,,12,,,,,12.6,,,,,15.2,,,,,15.3,,,,,15.8,,,,,16.4,,,,,18.4,,,,,20,,,,,22.2,,,,,24.5,,,,,26.3,,,,,27.7,,,,,28.1,,,,,28.6,,,,,29.4,,,,,30.6,,,,,31.4,,,,,32,,,,,32.9,,,,,33.8,,,,,34.7,,,,,35.4,,,,,36,,,,,36.6,,,,,37.1
Nicaragua,4.41,,,,,4.09,,,,,3.84,,,,,3.78,,,,,3.81,,,,,3.9,,,,,4.04,,,,,4.29,,,,,4.95,,,,,5.24,,,,,5.61,,,,,6.14,,,,,6.53,,,,,7.77,,,,,9.34,,,,,10.8,,,,,12.4,,,,,14.5,,,,,17,,,,,20.1,,,,,23.2,,,,,26.2,,,,,28.8,,,,,31.1,,,,,33.4,,,,,35.2,,,,,36.8,,,,,38,,,,,38.9,,,,,39.6,,,,,40.1
Niger,1.54,,,,,1.89,,,,,2.37,,,,,2.72,,,,,3.01,,,,,3.19,,,,,3.34,,,,,3.56,,,,,3.91,,,,,4.01,,,,,4,,,,,4.06,,,,,4.09,,,,,4.13,,,,,4.24,,,,,4.34,,,,,4.17,,,,,4.04,,,,,4,,,,,4.01,,,,,4.05,,,,,4.22,,,,,4.65,,,,,5.28,,,,,6.01,,,,,6.84,,,,,7.75,,,,,8.77,,,,,9.89,,,,,11.1,,,,,12.4
Nigeria,4.91,,,,,4.81,,,,,4.81,,,,,4.71,,,,,4.65,,,,,4.6,,,,,4.56,,,,,4.62,,,,,4.79,,,,,4.75,,,,,4.69,,,,,4.6,,,,,4.54,,,,,4.48,,,,,4.52,,,,,4.62,,,,,4.79,,,,,5.11,,,,,5.54,,,,,6.01,,,,,6.43,,,,,6.86,,,,,7.43,,,,,8.21,,,,,9.15,,,,,10.2,,,,,11.3,,,,,12.4,,,,,13.6,,,,,14.8,,,,,16.1
North Korea,4.93,,,,,5.29,,,,,5.05,,,,,4.98,,,,,4.83,,,,,4.89,,,,,5.28,,,,,5.75,,,,,6.96,,,,,8.36,,,,,10.2,,,,,11.9,,,,,12.9,,,,,12.7,,,,,15,,,,,16.6,,,,,20,,,,,23,,,,,23.7,,,,,24.9,,,,,26,,,,,27.3,,,,,28.5,,,,,29.6,,,,,30.3,,,,,30.9,,,,,31.8,,,,,32.6,,,,,33.4,,,,,34.1,,,,,34.5
North Macedonia,8.36,,,,,6.61,,,,,5.99,,,,,6.15,,,,,6.9,,,,,8,,,,,7.81,,,,,8.69,,,,,11.3,,,,,13.2,,,,,14.4,,,,,15.3,,,,,16.4,,,,,18.6,,,,,20.7,,,,,22.7,,,,,24.7,,,,,26.5,,,,,28.5,,,,,30.8,,,,,33,,,,,34.8,,,,,35.4,,,,,35.7,,,,,35.5,,,,,35.6,,,,,35.9,,,,,36.2,,,,,36.5,,,,,36.6,,,,,36.7
Norway,12,,,,,12.9,,,,,14.1,,,,,15.1,,,,,15.9,,,,,16.7,,,,,17.4,,,,,17.9,,,,,21,,,,,20.1,,,,,19.4,,,,,19.8,,,,,21,,,,,21.8,,,,,23.2,,,,,24.6,,,,,26.3,,,,,27.6,,,,,28.1,,,,,28.6,,,,,29.4,,,,,30.1,,,,,30.7,,,,,31.2,,,,,31.8,,,,,32.3,,,,,32.9,,,,,33.5,,,,,34.2,,,,,34.8,,,,,35.3
Oman,4.75,,,,,4.74,,,,,4.88,,,,,5.02,,,,,5,,,,,4.68,,,,,4.01,,,,,3.44,,,,,3.53,,,,,3.32,,,,,3.98,,,,,4.11,,,,,3.9,,,,,3.84,,,,,4.23,,,,,5.5,,,,,7.15,,,,,9.64,,,,,12.6,,,,,16.1,,,,,20.3,,,,,24.3,,,,,27.4,,,,,29.6,,,,,32.1,,,,,34.7,,,,,36.7,,,,,37.8,,,,,37.9,,,,,37.9,,,,,37.9
Pakistan,6.79,,,,,6.07,,,,,5.6,,,,,5.4,,,,,5.34,,,,,5.44,,,,,5.51,,,,,5.52,,,,,6,,,,,6.09,,,,,6.23,,,,,6.48,,,,,6.56,,,,,6.6,,,,,7.04,,,,,7.72,,,,,8.47,,,,,9.24,,,,,10.2,,,,,11.4,,,,,12.9,,,,,14.4,,,,,15.7,,,,,16.6,,,,,17.9,,,,,19.4,,,,,20.9,,,,,22.2,,,,,23.4,,,,,24.5,,,,,25.6
Palestine,6.94,,,,,6.33,,,,,5.42,,,,,4.56,,,,,3.94,,,,,3.44,,,,,3.2,,,,,3.17,,,,,3.4,,,,,3.5,,,,,3.74,,,,,4.01,,,,,4.33,,,,,4.53,,,,,4.83,,,,,5.49,,,,,6.28,,,,,7.13,,,,,8.12,,,,,9.18,,,,,10.5,,,,,12.3,,,,,13.9,,,,,15.3,,,,,16.7,,,,,18.3,,,,,20,,,,,21.6,,,,,23.2,,,,,24.6,,,,,26.1
Panama,5.2,,,,,5.14,,,,,5.11,,,,,5.14,,,,,5.2,,,,,5.32,,,,,5.52,,,,,5.75,,,,,6.91,,,,,7.4,,,,,8,,,,,8.77,,,,,9.69,,,,,10.8,,,,,12.3,,,,,14,,,,,15.9,,,,,17.9,,,,,19.7,,,,,21.4,,,,,22.9,,,,,24.3,,,,,25.8,,,,,27.1,,,,,28.4,,,,,29.9,,,,,31.2,,,,,32.4,,,,,33.5,,,,,34.6,,,,,35.5
Papua New Guinea,5.68,,,,,4.52,,,,,4.19,,,,,4.07,,,,,4.09,,,,,4.13,,,,,4.18,,,,,4.28,,,,,4.75,,,,,4.89,,,,,5,,,,,5.13,,,,,5.38,,,,,5.9,,,,,6.44,,,,,7.01,,,,,7.64,,,,,8.38,,,,,9.22,,,,,10.1,,,,,10.8,,,,,11.6,,,,,12.6,,,,,13.7,,,,,14.8,,,,,15.7,,,,,16.7,,,,,17.6,,,,,18.6,,,,,19.6,,,,,20.6
Paraguay,4.17,,,,,4.39,,,,,4.63,,,,,4.83,,,,,4.98,,,,,5.19,,,,,5.36,,,,,5.46,,,,,6.18,,,,,6.21,,,,,6.54,,,,,7.07,,,,,7.89,,,,,9.01,,,,,10.1,,,,,11.1,,,,,12,,,,,12.8,,,,,14.2,,,,,16.1,,,,,18.4,,,,,20.6,,,,,22.8,,,,,24.4,,,,,25.8,,,,,27.1,,,,,28.3,,,,,29.6,,,,,30.8,,,,,31.8,,,,,32.8
Peru,5.35,,,,,5.34,,,,,5.35,,,,,5.26,,,,,5.23,,,,,5.24,,,,,5.19,,,,,5.29,,,,,6.07,,,,,6.6,,,,,7.25,,,,,8.13,,,,,8.95,,,,,9.97,,,,,11.2,,,,,12.8,,,,,14.6,,,,,16.5,,,,,18.6,,,,,20.6,,,,,22.8,,,,,24.9,,,,,26.7,,,,,28.3,,,,,29.9,,,,,31.5,,,,,33,,,,,34.2,,,,,35.3,,,,,36.2,,,,,36.9
Philippines,5.16,,,,,4.73,,,,,4.5,,,,,4.4,,,,,4.56,,,,,4.65,,,,,4.57,,,,,4.5,,,,,4.73,,,,,4.87,,,,,5.11,,,,,5.45,,,,,6.52,,,,,7.28,,,,,8.23,,,,,9.22,,,,,10.3,,,,,11.2,,,,,12.1,,,,,13.1,,,,,14.2,,,,,15.6,,,,,17,,,,,18.3,,,,,19.6,,,,,20.9,,,,,22.3,,,,,23.6,,,,,24.9,,,,,26.1,,,,,27.3
Poland,7.5,,,,,7.68,,,,,8.62,,,,,10.2,,,,,11.9,,,,,12.7,,,,,11.7,,,,,12,,,,,14.7,,,,,15.6,,,,,16.5,,,,,17,,,,,19.4,,,,,22.6,,,,,25.8,,,,,27.6,,,,,28.9,,,,,30.9,,,,,33.8,,,,,37.1,,,,,39.5,,,,,41.2,,,,,41.7,,,,,41.4,,,,,41.8,,,,,41.9,,,,,41.6,,,,,41,,,,,40.5,,,,,40.1,,,,,39.9
Portugal,9.35,,,,,9.91,,,,,10.4,,,,,11.4,,,,,12.7,,,,,13.5,,,,,14,,,,,14.9,,,,,19,,,,,20.5,,,,,21.7,,,,,22.5,,,,,24.7,,,,,27,,,,,29.3,,,,,32,,,,,34.5,,,,,37.4,,,,,39.9,,,,,41.3,,,,,41.7,,,,,41.9,,,,,42.2,,,,,42.6,,,,,42.8,,,,,42.7,,,,,42.3,,,,,41.8,,,,,41.6,,,,,41.5,,,,,41.5
Qatar,5.41,,,,,4.72,,,,,4.32,,,,,3.48,,,,,2.92,,,,,3.11,,,,,2.4,,,,,1.79,,,,,2.28,,,,,2.49,,,,,2.97,,,,,2.46,,,,,1.83,,,,,2.34,,,,,3.62,,,,,5.67,,,,,8.61,,,,,11.4,,,,,13.6,,,,,15.6,,,,,18.2,,,,,21.5,,,,,24.2,,,,,26.6,,,,,28.6,,,,,30.1,,,,,31.2,,,,,32.1,,,,,32.8,,,,,33.3,,,,,33.8
Romania,8.6,,,,,9.17,,,,,9.99,,,,,11.1,,,,,12,,,,,12.9,,,,,11.9,,,,,12.8,,,,,15.7,,,,,17.5,,,,,19.2,,,,,19.6,,,,,21.4,,,,,23.9,,,,,25.8,,,,,26,,,,,28.4,,,,,30.6,,,,,32.9,,,,,33.7,,,,,35.4,,,,,35.7,,,,,35.7,,,,,35.6,,,,,35.8,,,,,35.8,,,,,35.9,,,,,36,,,,,36.1,,,,,36.2,,,,,36.5
Russia,7.13,,,,,7.73,,,,,8.36,,,,,9.39,,,,,10.8,,,,,12.5,,,,,12.2,,,,,12.4,,,,,16.2,,,,,16.8,,,,,18.4,,,,,17.2,,,,,18,,,,,20.1,,,,,22.4,,,,,24.3,,,,,24.5,,,,,25.4,,,,,26.4,,,,,28,,,,,29.9,,,,,29.7,,,,,28.2,,,,,27.2,,,,,27,,,,,27.9,,,,,28.6,,,,,29.2,,,,,29.4,,,,,29.5,,,,,29.8
Rwanda,4.83,,,,,4.75,,,,,4.59,,,,,4.35,,,,,4.04,,,,,3.7,,,,,3.34,,,,,3.4,,,,,3.88,,,,,3.75,,,,,4.32,,,,,4.1,,,,,4.15,,,,,4.64,,,,,5.27,,,,,6.2,,,,,6.54,,,,,7.1,,,,,8.07,,,,,9.76,,,,,11.6,,,,,12.7,,,,,14.1,,,,,15.8,,,,,17.8,,,,,19.8,,,,,21.6,,,,,23.3,,,,,24.9,,,,,26.6,,,,,28.3
Samoa,3.6,,,,,3.33,,,,,3.5,,,,,3.45,,,,,3.6,,,,,3.98,,,,,4.27,,,,,4.82,,,,,5.9,,,,,6.39,,,,,6.56,,,,,6.94,,,,,7.21,,,,,8.02,,,,,9.28,,,,,10.7,,,,,12.3,,,,,13.4,,,,,14,,,,,14.3,,,,,14.4,,,,,15.3,,,,,16.7,,,,,18.3,,,,,20.9,,,,,22.9,,,,,24.4,,,,,25.7,,,,,27.1,,,,,28.8,,,,,30.5
Sao Tome and Principe,5.06,,,,,5.06,,,,,5.05,,,,,3.34,,,,,6.1,,,,,5.66,,,,,6.18,,,,,6.24,,,,,6.98,,,,,6.83,,,,,6.61,,,,,5.6,,,,,4.7,,,,,4.32,,,,,4.46,,,,,4.95,,,,,5.53,,,,,6.14,,,,,7.47,,,,,8.02,,,,,8.98,,,,,9.56,,,,,10.3,,,,,11.5,,,,,12.7,,,,,13.9,,,,,15,,,,,16,,,,,17,,,,,18.1,,,,,19.2
Saudi Arabia,5.4,,,,,5.54,,,,,5.54,,,,,5.35,,,,,5.09,,,,,4.76,,,,,4.38,,,,,3.72,,,,,4.31,,,,,4.31,,,,,4.43,,,,,4.45,,,,,4.48,,,,,5.24,,,,,6.38,,,,,8.45,,,,,11,,,,,14.4,,,,,17.9,,,,,20.4,,,,,22.9,,,,,25.1,,,,,26.2,,,,,27.1,,,,,28.2,,,,,29.6,,,,,31.2,,,,,32.6,,,,,33.5,,,,,34.1,,,,,34.6
Senegal,5.22,,,,,4.58,,,,,4.33,,,,,4.24,,,,,4.19,,,,,4.22,,,,,4.36,,,,,4.47,,,,,4.84,,,,,4.95,,,,,4.99,,,,,4.88,,,,,4.68,,,,,4.66,,,,,4.72,,,,,4.92,,,,,5.27,,,,,5.81,,,,,6.51,,,,,7.4,,,,,8.3,,,,,9.16,,,,,10,,,,,10.9,,,,,12.1,,,,,13.5,,,,,14.8,,,,,16,,,,,17.3,,,,,18.5,,,,,19.8
Serbia,9.74,,,,,8.72,,,,,9.38,,,,,10.5,,,,,11.6,,,,,11.8,,,,,10.7,,,,,11.7,,,,,15.2,,,,,17,,,,,18.7,,,,,19,,,,,21,,,,,23.8,,,,,25.2,,,,,26.1,,,,,26.9,,,,,28.1,,,,,29.4,,,,,30.6,,,,,32.1,,,,,33.3,,,,,34,,,,,34.7,,,,,35,,,,,35.2,,,,,35.5,,,,,35.9,,,,,36.2,,,,,36.5,,,,,36.8
Seychelles,9.26,,,,,8.45,,,,,7.73,,,,,7.75,,,,,7.81,,,,,7.95,,,,,7.96,,,,,8.29,,,,,9.5,,,,,9.78,,,,,10.4,,,,,9.19,,,,,10,,,,,12.4,,,,,14.9,,,,,18,,,,,20.9,,,,,23.6,,,,,26,,,,,27.9,,,,,28.8,,,,,29,,,,,28.4,,,,,27.8,,,,,28.4,,,,,30.1,,,,,31.6,,,,,32.5,,,,,33.1,,,,,33.9,,,,,34.7
Sierra Leone,5.06,,,,,4.95,,,,,4.98,,,,,5.05,,,,,5.13,,,,,5.19,,,,,5.19,,,,,5.07,,,,,4.94,,,,,4.52,,,,,4.19,,,,,4.13,,,,,4.15,,,,,4.14,,,,,4.18,,,,,4.35,,,,,4.68,,,,,5.23,,,,,5.91,,,,,6.73,,,,,7.55,,,,,8.45,,,,,9.54,,,,,10.8,,,,,12.3,,,,,13.6,,,,,14.9,,,,,16.1,,,,,17.3,,,,,18.4,,,,,19.5
Singapore,3.33,,,,,3.07,,,,,3.43,,,,,4.39,,,,,5.38,,,,,6.31,,,,,6.69,,,,,7.25,,,,,8.43,,,,,9.4,,,,,10.8,,,,,12.6,,,,,14.1,,,,,17.9,,,,,22.3,,,,,26.8,,,,,30.6,,,,,34.1,,,,,36.9,,,,,38.9,,,,,40.1,,,,,41.6,,,,,42.7,,,,,43.4,,,,,43.9,,,,,44.3,,,,,44.6,,,,,45,,,,,45.5,,,,,45.9,,,,,46.3
Slovak Republic,9.03,,,,,8.97,,,,,10,,,,,11.5,,,,,12.7,,,,,13.4,,,,,11.8,,,,,12.5,,,,,14.6,,,,,15,,,,,15.3,,,,,16.1,,,,,17.8,,,,,20.7,,,,,23.3,,,,,25.3,,,,,26.8,,,,,28.9,,,,,31.8,,,,,34.3,,,,,36.2,,,,,37.4,,,,,37.2,,,,,36.5,,,,,36.2,,,,,36.1,,,,,36.2,,,,,36.4,,,,,36.4,,,,,36.4,,,,,36.5
Slovenia,9.52,,,,,9.84,,,,,11.3,,,,,12.7,,,,,13.7,,,,,14,,,,,12.6,,,,,12.6,,,,,15.7,,,,,17.8,,,,,19.3,,,,,20.8,,,,,22.2,,,,,25.1,,,,,27.8,,,,,30.3,,,,,32.7,,,,,34.6,,,,,36.9,,,,,38.4,,,,,39.1,,,,,38.6,,,,,37.7,,,,,36.7,,,,,36.5,,,,,36.6,,,,,36.7,,,,,36.8,,,,,36.8,,,,,36.9,,,,,37.3
Solomon Islands,3.09,,,,,3.96,,,,,5.31,,,,,5.13,,,,,5.06,,,,,4.61,,,,,4.33,,,,,4.16,,,,,4.28,,,,,4.39,,,,,4.44,,,,,4.85,,,,,5.09,,,,,5.23,,,,,5.65,,,,,6.31,,,,,7.14,,,,,8.47,,,,,9.78,,,,,10.8,,,,,11.5,,,,,12.5,,,,,13.9,,,,,15.5,,,,,17.3,,,,,19,,,,,20.5,,,,,21.9,,,,,23.3,,,,,24.8,,,,,26.2
Somalia,4.52,,,,,4.74,,,,,4.89,,,,,4.98,,,,,5.01,,,,,5.03,,,,,4.86,,,,,4.64,,,,,4.66,,,,,4.35,,,,,4.28,,,,,4.26,,,,,4.28,,,,,4.33,,,,,4.38,,,,,4.39,,,,,4.47,,,,,4.57,,,,,4.68,,,,,4.89,,,,,5.25,,,,,5.75,,,,,6.42,,,,,7.11,,,,,7.88,,,,,8.7,,,,,9.64,,,,,10.6,,,,,11.7,,,,,12.8,,,,,13.9
South Africa,5.79,,,,,5.68,,,,,5.59,,,,,5.46,,,,,5.52,,,,,5.35,,,,,5.21,,,,,5.04,,,,,5.5,,,,,5.92,,,,,6.28,,,,,6.73,,,,,7.18,,,,,8.05,,,,,8.85,,,,,9.66,,,,,10.5,,,,,11.5,,,,,12.6,,,,,14.2,,,,,15.9,,,,,17.5,,,,,18.9,,,,,20.1,,,,,21.5,,,,,23,,,,,24.5,,,,,25.8,,,,,26.9,,,,,27.9,,,,,28.8
South Korea,4.81,,,,,5.26,,,,,5.19,,,,,5.01,,,,,5.22,,,,,5.47,,,,,5.82,,,,,6.5,,,,,7.91,,,,,9.24,,,,,11,,,,,12.8,,,,,15.3,,,,,18.4,,,,,23,,,,,27.5,,,,,31.8,,,,,35.5,,,,,38.1,,,,,40.5,,,,,41.6,,,,,43.1,,,,,43.8,,,,,43.3,,,,,42.4,,,,,41.7,,,,,41.3,,,,,41.1,,,,,41.3,,,,,41.3,,,,,41.2
South Sudan,5.14,,,,,4.62,,,,,4.26,,,,,4.1,,,,,4.07,,,,,4.12,,,,,4.2,,,,,4.29,,,,,4.59,,,,,4.77,,,,,4.95,,,,,5.14,,,,,5.25,,,,,5.14,,,,,5.19,,,,,5.38,,,,,5.67,,,,,6.01,,,,,6.41,,,,,6.87,,,,,7.55,,,,,8.4,,,,,9.37,,,,,10.3,,,,,11.4,,,,,12.4,,,,,13.6,,,,,14.8,,,,,16,,,,,17.2,,,,,18.3
Spain,9.82,,,,,10.3,,,,,10.8,,,,,11.7,,,,,12.4,,,,,13,,,,,13.3,,,,,14.3,,,,,18.7,,,,,20.7,,,,,21.4,,,,,21.6,,,,,22.4,,,,,24.4,,,,,27,,,,,30.1,,,,,33.4,,,,,37.1,,,,,40.5,,,,,41.9,,,,,41.9,,,,,41.4,,,,,40.6,,,,,40.2,,,,,40.4,,,,,40.3,,,,,40.1,,,,,40,,,,,40,,,,,40.2,,,,,40.5
Sri Lanka,8.62,,,,,6.46,,,,,5.41,,,,,5.16,,,,,5.33,,,,,5.76,,,,,6.24,,,,,6.86,,,,,8.21,,,,,8.87,,,,,9.26,,,,,10.4,,,,,11.8,,,,,13.9,,,,,16.4,,,,,18.9,,,,,21.2,,,,,23.2,,,,,25.6,,,,,27.5,,,,,28.8,,,,,29.9,,,,,31.1,,,,,32.7,,,,,34.6,,,,,36,,,,,37.1,,,,,37.8,,,,,38.5,,,,,39.2,,,,,39.9
St. Lucia,4.99,,,,,4.06,,,,,6.11,,,,,6.3,,,,,6.45,,,,,6.82,,,,,7.08,,,,,7.32,,,,,10,,,,,10.3,,,,,10.1,,,,,9.79,,,,,12.1,,,,,13.1,,,,,15,,,,,17.9,,,,,20.9,,,,,23.7,,,,,26.4,,,,,29.4,,,,,32,,,,,35.6,,,,,38.7,,,,,40.4,,,,,41.1,,,,,41.6,,,,,41.9,,,,,42.1,,,,,42,,,,,41.8,,,,,41.5
St. Vincent and the Grenadines,5.53,,,,,5.44,,,,,5.34,,,,,6.06,,,,,7.03,,,,,7.64,,,,,7.42,,,,,6.83,,,,,8.57,,,,,9.03,,,,,9.66,,,,,9.44,,,,,9.52,,,,,10.9,,,,,13.2,,,,,16.3,,,,,18.3,,,,,20.2,,,,,22,,,,,23.9,,,,,25.7,,,,,27.7,,,,,29.6,,,,,31.2,,,,,32.9,,,,,34.4,,,,,35.7,,,,,36.7,,,,,37.5,,,,,38.2,,,,,38.8
Sudan,5.12,,,,,4.93,,,,,4.68,,,,,4.51,,,,,4.41,,,,,4.33,,,,,4.27,,,,,4.24,,,,,4.58,,,,,4.71,,,,,4.76,,,,,4.85,,,,,5.1,,,,,5.38,,,,,5.69,,,,,6.04,,,,,6.46,,,,,6.86,,,,,7.29,,,,,7.79,,,,,8.34,,,,,9.16,,,,,10.2,,,,,11.3,,,,,12.3,,,,,13.3,,,,,14.3,,,,,15.2,,,,,16.2,,,,,17.3,,,,,18.3
Suriname,7.44,,,,,6.39,,,,,5.52,,,,,5.42,,,,,5.25,,,,,5.47,,,,,5.43,,,,,5.98,,,,,7.29,,,,,7.85,,,,,8.2,,,,,8.52,,,,,9.11,,,,,9.94,,,,,11.2,,,,,13.5,,,,,15.2,,,,,17,,,,,18,,,,,19.2,,,,,20.5,,,,,22,,,,,23.5,,,,,24.8,,,,,26.1,,,,,27.4,,,,,28.7,,,,,29.8,,,,,30.7,,,,,31.6,,,,,32.3
Swaziland,4.38,,,,,4.37,,,,,4.27,,,,,4.25,,,,,4.23,,,,,4.21,,,,,4.2,,,,,4.17,,,,,4.28,,,,,4.46,,,,,4.66,,,,,4.6,,,,,4.67,,,,,4.77,,,,,4.94,,,,,5.16,,,,,5.41,,,,,5.69,,,,,6.33,,,,,7.74,,,,,9.87,,,,,12.1,,,,,13.9,,,,,15.4,,,,,17.1,,,,,18.9,,,,,20.8,,,,,22.4,,,,,23.9,,,,,25.3,,,,,26.6
Sweden,13.3,,,,,14.2,,,,,15.1,,,,,16.2,,,,,17.3,,,,,18.3,,,,,18.8,,,,,19.4,,,,,22.8,,,,,22.1,,,,,22.2,,,,,23.5,,,,,24.9,,,,,25.2,,,,,25.9,,,,,26.9,,,,,28.3,,,,,29.1,,,,,29.3,,,,,29.6,,,,,30.4,,,,,31.6,,,,,31.4,,,,,31.3,,,,,31.8,,,,,32.3,,,,,32.9,,,,,33.4,,,,,33.9,,,,,34.3,,,,,34.8
Switzerland,12.8,,,,,13,,,,,13.5,,,,,13.8,,,,,14.5,,,,,15.3,,,,,15.6,,,,,15.9,,,,,19.5,,,,,19.5,,,,,20.2,,,,,21.3,,,,,22.8,,,,,23.5,,,,,25.3,,,,,28,,,,,30.6,,,,,32,,,,,33,,,,,34.2,,,,,35,,,,,35.4,,,,,35.4,,,,,35.2,,,,,35.2,,,,,35.6,,,,,36.1,,,,,36.6,,,,,37.1,,,,,37.5,,,,,38
Syria,6.6,,,,,6.18,,,,,5.57,,,,,5.06,,,,,4.64,,,,,4.34,,,,,4.2,,,,,4.23,,,,,4.71,,,,,4.84,,,,,4.79,,,,,4.94,,,,,5.09,,,,,6.36,,,,,7.58,,,,,8.3,,,,,9.34,,,,,10.6,,,,,12.3,,,,,14.3,,,,,16.1,,,,,17.6,,,,,19.8,,,,,22.4,,,,,25,,,,,27.2,,,,,28.9,,,,,30.4,,,,,31.8,,,,,33.1,,,,,34.3
Tajikistan,7.04,,,,,6.9,,,,,6.95,,,,,7.05,,,,,6.73,,,,,6.04,,,,,5.4,,,,,5.05,,,,,6.25,,,,,5.88,,,,,5.59,,,,,5.11,,,,,4.93,,,,,5.46,,,,,6.46,,,,,7.62,,,,,8.69,,,,,9.62,,,,,10.5,,,,,11.7,,,,,13.6,,,,,15.1,,,,,16.3,,,,,17,,,,,18.2,,,,,19.9,,,,,21.7,,,,,23.2,,,,,24.4,,,,,25.7,,,,,27.2
Tanzania,3.61,,,,,3.71,,,,,3.79,,,,,3.86,,,,,3.91,,,,,3.95,,,,,4,,,,,4.03,,,,,4.35,,,,,4.38,,,,,4.44,,,,,4.57,,,,,4.7,,,,,4.65,,,,,4.7,,,,,4.81,,,,,5.05,,,,,5.46,,,,,5.99,,,,,6.57,,,,,7.19,,,,,7.87,,,,,8.62,,,,,9.55,,,,,10.6,,,,,11.8,,,,,13,,,,,14.1,,,,,15.3,,,,,16.5,,,,,17.8
Thailand,4.64,,,,,4.67,,,,,4.83,,,,,4.9,,,,,4.94,,,,,4.96,,,,,5.07,,,,,5.44,,,,,7.18,,,,,8.46,,,,,9.85,,,,,11.1,,,,,12.9,,,,,15.6,,,,,19.1,,,,,22.9,,,,,26.8,,,,,30.2,,,,,32.8,,,,,34.3,,,,,35.1,,,,,36.4,,,,,37.7,,,,,38.5,,,,,39.1,,,,,39.6,,,,,39.6,,,,,39.4,,,,,39.2,,,,,39.1,,,,,39
Timor-Leste,5.35,,,,,4.36,,,,,4.08,,,,,4.16,,,,,4.05,,,,,4.19,,,,,2.99,,,,,2.89,,,,,3.15,,,,,3.49,,,,,3.94,,,,,4.3,,,,,5.1,,,,,5.36,,,,,5.57,,,,,5.83,,,,,6.27,,,,,6.81,,,,,6.25,,,,,6.49,,,,,6.71,,,,,7.39,,,,,9.11,,,,,10.5,,,,,12.2,,,,,14,,,,,15.8,,,,,17.6,,,,,19.4,,,,,21.3,,,,,23
Togo,6.42,,,,,5.49,,,,,4.94,,,,,4.65,,,,,4.56,,,,,4.58,,,,,4.57,,,,,4.52,,,,,4.73,,,,,4.73,,,,,4.56,,,,,4.46,,,,,4.41,,,,,4.51,,,,,4.69,,,,,4.98,,,,,5.4,,,,,5.99,,,,,6.7,,,,,7.41,,,,,8.09,,,,,8.63,,,,,9.22,,,,,10.1,,,,,11.1,,,,,12.1,,,,,13,,,,,13.8,,,,,14.7,,,,,15.6,,,,,16.6
Tonga,2.95,,,,,3.99,,,,,4.82,,,,,4.38,,,,,3.93,,,,,4.25,,,,,4.86,,,,,5.38,,,,,7.01,,,,,7.95,,,,,8.24,,,,,8.29,,,,,7.99,,,,,8.14,,,,,9.05,,,,,9.64,,,,,10.4,,,,,11.6,,,,,12.2,,,,,12.7,,,,,12.7,,,,,13.9,,,,,15.5,,,,,17.4,,,,,19.4,,,,,20.8,,,,,21.8,,,,,22.8,,,,,24.1,,,,,25.7,,,,,27.2
Trinidad and Tobago,5.45,,,,,5.13,,,,,5.09,,,,,5.17,,,,,6.22,,,,,7.01,,,,,7.3,,,,,7.27,,,,,8.31,,,,,8.69,,,,,9.56,,,,,10.8,,,,,12.4,,,,,14.2,,,,,16.5,,,,,19,,,,,20.2,,,,,21.5,,,,,23.2,,,,,26.2,,,,,28.4,,,,,29,,,,,28.9,,,,,29,,,,,29.8,,,,,30.8,,,,,31.3,,,,,31.5,,,,,31.6,,,,,31.8,,,,,32.1
Tunisia,6.06,,,,,5.59,,,,,5.5,,,,,5.29,,,,,5.36,,,,,5.61,,,,,5.63,,,,,6.46,,,,,7.48,,,,,8.74,,,,,9.64,,,,,10,,,,,10.4,,,,,11.7,,,,,13.4,,,,,15.5,,,,,17.7,,,,,19.5,,,,,21.7,,,,,24.1,,,,,26.5,,,,,28,,,,,28.7,,,,,29,,,,,29.6,,,,,31.3,,,,,32.8,,,,,33.8,,,,,34.4,,,,,34.8,,,,,35.2
Turkey,5.05,,,,,4.9,,,,,5.41,,,,,5.72,,,,,6.02,,,,,6.53,,,,,6.01,,,,,6.02,,,,,7.27,,,,,8.28,,,,,8.96,,,,,9.56,,,,,10.4,,,,,11.5,,,,,12.9,,,,,14.9,,,,,17,,,,,19.4,,,,,21.9,,,,,24.4,,,,,26.6,,,,,28.5,,,,,30.4,,,,,32.1,,,,,33.5,,,,,34.8,,,,,36,,,,,36.8,,,,,37.5,,,,,38.1,,,,,38.6
Turkmenistan,8.93,,,,,7.92,,,,,7.05,,,,,6.72,,,,,6.46,,,,,6.05,,,,,5.33,,,,,5.14,,,,,6.18,,,,,6.17,,,,,6.56,,,,,6.06,,,,,6.08,,,,,6.81,,,,,8.1,,,,,9.47,,,,,10.7,,,,,11.7,,,,,12.9,,,,,14.1,,,,,15.9,,,,,17.5,,,,,17.9,,,,,18.3,,,,,18.9,,,,,20.9,,,,,22.5,,,,,23.7,,,,,24.4,,,,,25.2,,,,,26.1
Uganda,4.45,,,,,4.11,,,,,3.98,,,,,3.97,,,,,3.98,,,,,4.01,,,,,4.04,,,,,4.06,,,,,4.3,,,,,4.2,,,,,3.82,,,,,3.6,,,,,3.43,,,,,3.35,,,,,3.31,,,,,3.37,,,,,3.63,,,,,4.05,,,,,4.58,,,,,5.17,,,,,5.84,,,,,6.64,,,,,7.56,,,,,8.66,,,,,9.89,,,,,11.2,,,,,12.6,,,,,14,,,,,15.5,,,,,17,,,,,18.5
Ukraine,9.75,,,,,9.63,,,,,9.85,,,,,11.1,,,,,12.6,,,,,14,,,,,13.6,,,,,14.2,,,,,18.3,,,,,18.3,,,,,20.7,,,,,20.4,,,,,21,,,,,22.5,,,,,24,,,,,25.6,,,,,26.3,,,,,27.5,,,,,29.2,,,,,31.5,,,,,33.6,,,,,34,,,,,33,,,,,31.7,,,,,31.7,,,,,32,,,,,32.4,,,,,32.7,,,,,32.8,,,,,32.9,,,,,33.1
United Arab Emirates,5.43,,,,,5.36,,,,,5.22,,,,,3.02,,,,,2.15,,,,,2.69,,,,,1.92,,,,,1.93,,,,,1.93,,,,,1.8,,,,,1.72,,,,,1.69,,,,,1.54,,,,,1.96,,,,,3.18,,,,,5.48,,,,,8.1,,,,,11.5,,,,,14.4,,,,,16.6,,,,,18.7,,,,,20.5,,,,,22.6,,,,,24.7,,,,,26.9,,,,,28.8,,,,,29.7,,,,,30.3,,,,,30.9,,,,,31.5,,,,,32.2
United Kingdom,14.2,,,,,14.6,,,,,15,,,,,15.7,,,,,16.5,,,,,17.3,,,,,17.3,,,,,17.6,,,,,20.9,,,,,20.7,,,,,20.8,,,,,21.2,,,,,22.7,,,,,23.5,,,,,24.8,,,,,26.6,,,,,28.3,,,,,29.2,,,,,29.9,,,,,30.7,,,,,31.5,,,,,32,,,,,32.2,,,,,32.2,,,,,32.7,,,,,33.3,,,,,34,,,,,34.5,,,,,35,,,,,35.4,,,,,36
United States,11.3,,,,,11.7,,,,,11.8,,,,,12.1,,,,,12.5,,,,,13,,,,,13.8,,,,,14,,,,,16.9,,,,,16.4,,,,,16.2,,,,,16.7,,,,,18.4,,,,,20.6,,,,,22.9,,,,,24.8,,,,,25.9,,,,,26.4,,,,,26.7,,,,,27.2,,,,,27.8,,,,,28.7,,,,,29.3,,,,,30,,,,,30.7,,,,,31,,,,,31.5,,,,,32,,,,,32.5,,,,,33,,,,,33.4
Uruguay,10.4,,,,,10.3,,,,,10.4,,,,,10.8,,,,,11.4,,,,,12.5,,,,,12.9,,,,,13.6,,,,,16.5,,,,,17.1,,,,,17.4,,,,,17.9,,,,,18.4,,,,,19.1,,,,,20.2,,,,,21.2,,,,,22.1,,,,,23.5,,,,,25.1,,,,,26.1,,,,,27.5,,,,,29.3,,,,,30.8,,,,,32,,,,,33.1,,,,,34,,,,,34.8,,,,,35.6,,,,,36.2,,,,,36.7,,,,,37.2
Uzbekistan,8.76,,,,,8.58,,,,,8.83,,,,,8.5,,,,,7.77,,,,,7.05,,,,,5.92,,,,,5.42,,,,,6.64,,,,,6.63,,,,,6.84,,,,,6.55,,,,,6.19,,,,,7.06,,,,,8.57,,,,,10.4,,,,,11.7,,,,,13.2,,,,,14.8,,,,,16.9,,,,,19.6,,,,,22.2,,,,,23.6,,,,,24.2,,,,,25.5,,,,,27.1,,,,,28.7,,,,,29.7,,,,,30.5,,,,,31.2,,,,,32
Vanuatu,4.05,,,,,3.85,,,,,3.72,,,,,3.67,,,,,4.24,,,,,4.15,,,,,4.16,,,,,4.46,,,,,5.29,,,,,5.2,,,,,5.05,,,,,5.19,,,,,5.75,,,,,6.47,,,,,7.06,,,,,8.15,,,,,9.01,,,,,9.92,,,,,11,,,,,12.4,,,,,13.9,,,,,15,,,,,16.4,,,,,17.5,,,,,19.1,,,,,20.5,,,,,21.9,,,,,23.3,,,,,24.6,,,,,25.9,,,,,27.2
Venezuela,3.53,,,,,3.45,,,,,3.53,,,,,3.67,,,,,3.92,,,,,4.29,,,,,4.65,,,,,4.95,,,,,5.68,,,,,6.02,,,,,6.6,,,,,7.36,,,,,8.26,,,,,9.39,,,,,10.9,,,,,12.9,,,,,14.8,,,,,16.3,,,,,17.9,,,,,19.7,,,,,21.7,,,,,23.5,,,,,25.1,,,,,26.7,,,,,28.4,,,,,29.9,,,,,31.3,,,,,32.5,,,,,33.6,,,,,34.5,,,,,35.3
Vietnam,6.62,,,,,6.93,,,,,7.11,,,,,7.47,,,,,7.4,,,,,6.95,,,,,7.02,,,,,7.07,,,,,8.16,,,,,8.49,,,,,8.64,,,,,8.63,,,,,8.88,,,,,10.3,,,,,12.5,,,,,15,,,,,17.5,,,,,20.2,,,,,22.8,,,,,25.5,,,,,28.3,,,,,30.8,,,,,31.5,,,,,31.8,,,,,32.5,,,,,33.4,,,,,34.2,,,,,34.8,,,,,35.2,,,,,35.3,,,,,35.5
Yemen,5.88,,,,,5.41,,,,,5.06,,,,,4.77,,,,,4.59,,,,,4.47,,,,,4.19,,,,,3.89,,,,,3.88,,,,,4.58,,,,,4.32,,,,,4.24,,,,,4.38,,,,,4.51,,,,,4.69,,,,,4.95,,,,,5.22,,,,,5.65,,,,,6.66,,,,,8.07,,,,,9.85,,,,,11.8,,,,,13.4,,,,,14.9,,,,,16.6,,,,,18.4,,,,,20.3,,,,,22.1,,,,,23.8,,,,,25.3,,,,,26.8
Zambia,4.17,,,,,3.94,,,,,3.93,,,,,3.97,,,,,4.04,,,,,4.06,,,,,4.04,,,,,4,,,,,4.25,,,,,4.18,,,,,4.05,,,,,3.94,,,,,3.83,,,,,3.71,,,,,3.68,,,,,3.8,,,,,4.1,,,,,4.64,,,,,5.32,,,,,6.01,,,,,6.71,,,,,7.45,,,,,8.32,,,,,9.27,,,,,10.2,,,,,11.1,,,,,12.1,,,,,13.2,,,,,14.2,,,,,15.3,,,,,16.3
Zimbabwe,5.09,,,,,5.09,,,,,4.97,,,,,4.78,,,,,4.56,,,,,4.36,,,,,4.38,,,,,4.18,,,,,4.56,,,,,4.6,,,,,4.58,,,,,4.55,,,,,4.25,,,,,4.24,,,,,4.26,,,,,4.38,,,,,4.64,,,,,5.27,,,,,6.46,,,,,8.05,,,,,9.67,,,,,11.2,,,,,12.6,,,,,14.1,,,,,15.8,,,,,18,,,,,19.9,,,,,21.5,,,,,23,,,,,24.6,,,,,26
